Molecule ChEMBL ID,Standard Value,Smiles
CHEMBL105118,390.0,CN1CCC(c2c[nH]c3ccc(NC(=O)c4cccc([N+](=O)[O-])c4)nc23)CC1
CHEMBL105556,25.0,CN1CCC(c2c[nH]c3ccc(OS(C)(=O)=O)nc23)CC1
CHEMBL339980,1060.0,Cc1[nH]c2cccc(NC(=O)c3ccc(F)cc3)c2c1CCN(C)C
CHEMBL105091,1100.0,CN1CCC(c2c[nH]c3ccc(NC(=O)c4ccco4)nc23)CC1
CHEMBL2368612,1000.0,Cl.N#Cc1ccc2c(c1)CCN(CC[C@H]1CC[C@H](NC(=O)/C=C/c3ccccc3)CC1)C2
CHEMBL128,5.5,CNS(=O)(=O)Cc1ccc2[nH]cc(CCN(C)C)c2c1
CHEMBL389068,1000.0,COc1cc(N(C)C2CCN(C)C2)c2[nH]c(C(=O)Nc3ccc(N4CCOCC4)cc3)cc(=O)c2c1
CHEMBL111150,2.3,CC(C)(C)CCCCCCOc1ccc2[nH]cc(CCN)c2c1
CHEMBL128,7.7,CNS(=O)(=O)Cc1ccc2[nH]cc(CCN(C)C)c2c1
CHEMBL182837,1430.0,Cc1cc(Br)cc(C)c1N=C1NCCN1
CHEMBL101690,240.0,CN1CCC(c2c[nH]c3ccc(NC(=O)c4ccc(F)cc4)cc23)CC1
CHEMBL321080,390.0,CN1CCC(c2c[nH]c3ccc(NC(=O)c4cccs4)nc23)CC1
CHEMBL3139682,100.0,Nc1ccc2ccc(CCNCCc3cccc(Cl)c3)cc2n1
CHEMBL287671,10000.0,c1ccc(-c2ccc(N3CCN(Cc4c[nH]c5ncccc45)CC3)cc2)cc1
CHEMBL318249,28.0,CCn1cc(-c2ccc3c(c2)c(C2CCN(CCN4CCNC4=O)CC2)cn3-c2ccc(F)cc2)nn1
CHEMBL330603,20.0,Cn1nnnc1-c1ccc2c(c1)c(C1CCN(CCN3CCNC3=O)CC1)cn2-c1ccc(F)cc1
CHEMBL119800,13.6,COc1ccc(C(=O)Nc2ccc(-c3ccncc3)cc2)cc1/C=C/CN(C)C
CHEMBL458200,125.89,Cc1ccc2c(OCCN3CCC(Cc4cccc(N5CCN(C)C(=O)C5)c4)CC3)cccc2n1
CHEMBL194701,15.85,CN1CCN(c2nccc3cc4c(cc23)N(C(=O)c2ccccc2C(F)(F)F)CC4)CC1
CHEMBL419547,590.0,CN1CCC(c2c[nH]c3ccc(NC(=O)c4cccc(C#N)c4)nc23)CC1
CHEMBL184597,2300.0,CN1CCC(c2n[nH]c3ccc(NC(=O)c4ccc(F)cc4)cc23)CC1
CHEMBL494806,19.95,CC(=O)Nc1cccc(CN2CCN(CCOc3cccc4nc(C)ccc34)CC2)c1
CHEMBL497963,1.995,Cc1ccc2c(OCCN3CCC(Cc4cccc(NS(C)(=O)=O)c4)CC3)cccc2n1
CHEMBL325131,18.0,COc1ccc(NC(=O)N2CCN(c3ccccc3)CC2)cc1N1CCN(C)CC1.O=C(O)/C=C/C(=O)O
CHEMBL113994,2.4,COc1ccc(NC(=S)N2CC=C(c3ccc4[nH]cc(C[C@H]5CCCN5C)c4c3)CC2)cc1
CHEMBL275854,250.0,CC(N)Cc1c[nH]c2ccc(O)cc12
CHEMBL248407,25.12,Cc1ccc2c(OCCN3CCN(Cc4ccc5c(c4)N(CCc4ccccc4)C(=O)CO5)CC3)cccc2n1
CHEMBL248456,39.81,Cc1ccc2c(OCCN3CCC(Cc4ccc5c(c4)N(C(C)C)C(=O)CO5)CC3)cccc2n1
CHEMBL307408,1570.0,Cc1cc(Br)cc(C)c1CC1=NCCN1
CHEMBL307521,1096.0,CCCN(CCC)[C@H]1CCc2ccc3[nH]cc(C(=O)C(N)=O)c3c2C1
CHEMBL609742,88.0,O=S(=O)(Nc1ccc2[nH]cc(C[C@H]3CCCN3)c2c1)c1ccccc1Cl
CHEMBL297660,472.0,CC(C)c1ccc2[nH]cc(CCN3CCCC3)c2c1
CHEMBL5438846,6700.0,O=C(O)c1cc(-c2ccc(C3=CC4(CNC4)C3)cc2)c2ccc(-c3ccc(C(F)(F)F)cc3)cc2c1
CHEMBL421573,76.0,O=C1NCCN1CCN1CCC(c2cn(-c3ccc(F)cc3)c3ccc(-c4ncccn4)cc23)CC1
CHEMBL553591,158.49,Cl.N#Cc1ccc2c(c1)CN(CCCCNC(=O)/C=C/c1c[nH]c3ccccc13)CC2
CHEMBL320198,6000.0,CN1CCC(c2c[nH]c3cnc(NC(=O)c4ccc(F)cc4)nc23)CC1
CHEMBL70831,1630.0,COc1cccc(CC2=NCCN2)c1
CHEMBL1290715,1.995,Cc1ccc2c(N3CCN(CCc4cccc5[nH]c(=O)ccc45)CC3)cccc2n1
CHEMBL1290716,0.7943,Cc1ccc2c(N3CCN(CCc4cccc5c4ccc(=O)n5C)CC3)cccc2n1
CHEMBL1289618,1000.0,Cc1ccc2c(N3CCN(CCc4cccc5c4ccc(=O)n5C)C(C)(C)C3)cccc2n1
CHEMBL71033,10000.0,Cc1cccc(C)c1CC1=NCCN1
CHEMBL196370,12.4,COc1ccc(NC(=O)N2CCN(c3ccccc3OC)CC2)cc1N1CCN(C)CC1
CHEMBL423789,65.0,O=C(NN1CC=C(c2ccc3[nH]cc(CCN4CCCC4)c3c2)CC1)c1cccc2ccccc12
CHEMBL195114,1.995,COc1cc2c(cc1N1CCN(C)CC1)N(C(=O)c1ccc(-c3cccc(C)n3)c3ccccc13)CC2
CHEMBL196600,1.585,COc1cc2c(cc1N1C[C@@H](C)N(C)[C@@H](C)C1)N(C(=O)Cc1cccc(C(F)(F)F)c1F)CC2
CHEMBL472117,60.0,FC(F)(F)c1nc2c(N3CCN(CCOc4cccc5nc(C(F)(F)F)[nH]c45)CC3)cccc2[nH]1
CHEMBL2112662,0.2,Cc1ccccc1CN1CCN(C(=O)COc2ccc3cccc(N4CCN(C)CC4)c3c2)CC1
CHEMBL178066,260.0,Cc1[nH]c2ccc(NC(=O)c3ccc(F)cc3)cc2c1CCN(C)C
CHEMBL431041,240.0,CC(=O)Nc1ccc2[nH]cc(C3CCN(C)CC3)c2n1
CHEMBL428991,44.0,COc1ccc(C(=O)NN2CC=C(c3ccc4[nH]cc(CCN5CCCC5)c4c3)CC2)cc1
CHEMBL355517,32.0,NCCc1c[nH]c2ccc(-c3cccs3)cc12
CHEMBL304426,364.0,CCCN(CCC)C1CCc2ccc3[nH]cc(C=O)c3c2C1
CHEMBL2112661,0.43,CN1CCN(c2cccc3ccc(OCC(=O)N4CCN(c5cccc6ccccc56)CC4)cc23)CC1
CHEMBL2112660,0.38,CN1CCN(c2cccc3ccc(OCC(=O)N4CCN(c5ccccc5C#N)CC4)cc23)CC1
CHEMBL5094493,160.0,CCCN(CCC)CCc1ccc(Cl)c(-c2ccccc2OC)c1
CHEMBL138958,26.0,CNCCOc1cccc2ccccc12
CHEMBL5431371,10000.0,CCN(CC)CCCC(C)Nc1cnc(C(=O)Nc2cc(F)cc3cccnc23)cn1
CHEMBL602674,1.738,CCC(=O)N1CCN(c2ccc(NC(=O)c3cc(=O)c4cc(F)cc(N5CCN(C)CC5)c4o3)cc2)CC1
CHEMBL601012,9.333,Cc1n[nH]c(C)c1-c1ccc(C)c2c(=O)cc(C(=O)Nc3ccc(N4CCOCC4)cc3)[nH]c12
CHEMBL285402,2.56,CN1CCN(c2cccc3ccc(OCC(=O)N4CCN(C(=O)COc5ccc6cccc(N7CCN(C)CC7)c6c5)CC4)cc23)CC1
CHEMBL45929,47.0,CCc1ccc2[nH]cc(C[C@H]3CCCN3C)c2c1
CHEMBL318018,501.19,Cc1sc2ccc(Cl)cc2c1S(=O)(=O)Nc1ccc2nccc(N3CCNCC3)c2c1
CHEMBL310082,1000.0,NC(=O)c1ccc2c(c1)CCOC2CCN1CC=C(c2ccc3cc(F)ccc3c2)CC1
CHEMBL97637,316.23,O=S(=O)(Nc1ccc2nccc(N3CCNCC3)c2c1)c1ccc(-c2ccccc2)cc1
CHEMBL107772,150.0,Cc1ccccc1N1CCN(C(=O)Oc2ccc(Cl)c(N3CCN(C)CC3)c2)CC1.O=C(O)/C=C/C(=O)O
CHEMBL292759,398.11,COc1ccc(NS(=O)(=O)c2ccc(Br)cc2)cc1N1CCN(C)CC1
CHEMBL323986,1.8,COc1ccc(NC(=O)N2CCN(c3ccc(C)cc3C)CC2)cc1N1CCN(C)CC1.O=C(O)/C=C/C(=O)O
CHEMBL73943,10000.0,CCCCc1ccc(CC2=NCCN2)cc1
CHEMBL1910792,120.0,COc1ccc(NC(=O)c2ccc3c(c2)N(C)C(=O)CN3c2ccc(Cl)c(Cl)c2)cc1N1CCN(C)CC1
CHEMBL108645,8.4,COc1ccc(N2CCN(C(=O)Nc3ccc(OC)c(N4CCN(C)CC4)c3)CC2)cc1.O=C(O)/C=C/C(=O)O
CHEMBL246598,3.981,CCN1C(=O)COc2ccc(CC3CCN(CCOc4cccc5nc(C)ccc45)CC3)cc21
CHEMBL234448,91.0,C[C@@H]1CN(c2cccc3cc(F)ccc23)CCN1CC[C@H]1OCCc2cc(C(N)=O)ccc21
CHEMBL183704,10240.0,Cc1cc([N+](=O)[O-])cc(C)c1NC1=NCCN1
CHEMBL1241738,0.7943,Cc1ccc2c(N3CCN(CCc4cccc5c4OCc4nnc(C)n4-5)CC3)cccc2n1
CHEMBL1241547,1.585,Cc1cn2c(n1)COc1c(CCN3CCN(c4cccc5nc(C)ccc45)CC3)cccc1-2
CHEMBL467094,100.0,COc1cc2c3c(c1OC)-c1cc4c(cc1CC3N(C)CC2)OCO4
CHEMBL196169,18.1,COc1ccc(NC(=O)N2CCN(c3ccccc3F)CC2)cc1N1CCN(C)CC1
CHEMBL371655,31.62,CCCN1[C@H](C)CN(c2cc3c(cc2OC)CCN3C(=O)c2ccc(-c3cccc(C)n3)c3ccccc23)C[C@@H]1C
CHEMBL490211,0.7943,O=C1COc2ccc(CCN3CCN(c4nccc5ccccc45)CC3)cc2N1
CHEMBL453939,1000.0,NC(=O)C(CN1CCC(c2c[nH]c3ccc(NC(=O)c4ccc(F)cc4)cc23)CC1)N1CCC(c2c[nH]c3ccc(NC(=O)c4ccc(F)cc4)cc23)CC1
CHEMBL500284,0.58,CN1CCC(c2c[nH]c3ccc(NC(=O)CCCCCCCCCCCCCC(=O)Nc4ccc5[nH]cc(C6CCN(C)CC6)c5c4)cc23)CC1
CHEMBL444404,0.76,CN1CCC(c2c[nH]c3ccc(NC(=O)CCCC(=O)Nc4ccc5[nH]cc(C6CCN(C)CC6)c5c4)cc23)CC1
CHEMBL494631,251.19,Cc1ccc2c(OCCN3CCN(Cc4ccccc4)CC3)cccc2n1
CHEMBL525362,25.12,CCNC(=O)Nc1cccc(CC2CCN(CCOc3cccc4nc(C)ccc34)CC2)c1
CHEMBL71319,618.0,CCCN(CCC)C1CCc2cc(F)c3c(c(C=O)cn3C)c2C1
CHEMBL71676,2024.0,CCCN(CCC)C1CCc2c(ccc(F)c2N)C1
CHEMBL318735,11.0,Cn1ccnc1-c1ccc2c(c1)c(C1CCN(CCN3CCNC3=O)CC1)cn2-c1ccc(F)cc1
CHEMBL379238,5000.0,CC(C)(CCCN1CCCC(c2cnco2)C1)S(=O)(=O)c1ccccc1
CHEMBL372453,1.82,COc1ccc(NC(=O)N2CCN(c3ccc(Cl)cc3)CC2)cc1N1CCN(C)CC1
CHEMBL2031737,10000.0,C[C@@H]1CCCN1CCc1cc2cc(C(=O)c3ccc([N+](=O)[O-])cc3)ccc2o1
CHEMBL1651093,10000.0,C[C@@H]1SC(c2ccccc2O)=N[C@H]1[C@@H]1SC[C@](C)(C(=O)O)N1C
CHEMBL173162,107.0,C1=CCN(CCc2c[nH]c3ccc(-c4cccs4)cc23)C1
CHEMBL3104093,1218.0,CN1CCc2c(c3cccc4c3n2CCc2ccccc2-4)C1
CHEMBL604102,6040.0,N[C@@H]1CCN(c2ccc3[nH]nc(S(=O)(=O)c4cccc5ccccc45)c3c2)C1
CHEMBL1277104,5000.0,CN1CCN(c2ccc3[nH]nc(S(=O)(=O)c4cccc5ccccc45)c3c2)CC1
CHEMBL4868035,10000.0,c1ccc(-c2n[nH]cc2N2CCCNCC2)cc1
CHEMBL4874854,10000.0,Fc1ccccc1-c1n[nH]cc1N1CCNCC1
CHEMBL4852622,1378.0,Cc1ccc(-c2n[nH]cc2N2CCNCC2)cc1
CHEMBL162049,32.0,Cc1ccc(C(=S)NN2CC=C(c3ccc4[nH]cc(CCN5CCCC5)c4c3)CC2)cc1
CHEMBL361061,440.0,CN1CCC(N2CCc3ccc(NC(=O)c4ccc(F)cc4)cc32)CC1
CHEMBL282229,0.5012,COc1cc2c(cc1OCCN(C)C)N(C(=O)c1ccc(-c3ccc(-c4noc(C)n4)cc3C)cc1)CC2
CHEMBL105958,330.0,CN1CCC(c2c[nH]c3ccc(NC(=O)c4ccncc4)nc23)CC1
CHEMBL174141,113.0,OC[C@@H]1CCCN1CCc1c[nH]c2ccc(-c3cccs3)cc12
CHEMBL342323,0.38,NCCc1c[nH]c2ccc(OCCCCCCNS(=O)(=O)c3ccc(-c4ccc(S(=O)(=O)NCCCCCCOc5ccc6[nH]cc(CCN)c6c5)cc4)cc3)cc12
CHEMBL420748,243.0,CCCN(CCCOc1cccc(Cl)c1)C1CCc2ccc3[nH]ccc3c2C1
CHEMBL79853,155.0,NC(=O)c1ccc2c(c1)CCOC2CCN1CC=C(c2noc3cc(F)ccc23)CC1
CHEMBL311787,1000.0,C[C@H]1CC(c2c[nH]c3cc(F)ccc23)CCN1CCC1OCCc2cc(C(N)=O)ccc21
CHEMBL143510,171.0,CCN(CC)CCc1c[nH]c2ccc(OS(=O)(=O)C(F)(F)F)cc12
CHEMBL3104092,715.0,CN1CCc2c(c3cccc4c3n2Cc2ccccc2C4)C1
CHEMBL469568,5.012,Cc1ccc2c(N3CCN(CCc4cccc5c4OCC(=O)N5C4CC4)CC3)cccc2n1
CHEMBL469374,2.512,Cc1ccc2c(N3CCN(CCc4cccc5c4OCC(=O)N5C)CC3)cc(F)cc2n1
CHEMBL306197,40.0,CCCN(CCCc1ccccc1OC)C1CCc2ccc3[nH]ccc3c2C1
CHEMBL461670,3.981,Cc1ccc2c(OCCN3CCC(Cc4cccc(N5C[C@@H](C)N[C@@H](C)C5)c4)CC3)cccc2n1
CHEMBL514429,7.943,Cc1ccc2c(OCCN3CCC(Cc4cccc(N5CCCN(C)CC5)c4)CC3)cccc2n1
CHEMBL459068,158.49,CC(=O)N1CCC(c2cccc(CC3CCN(CCOc4cccc5nc(C)ccc45)CC3)c2)CC1
CHEMBL456460,39.81,Cc1ccc2c(OCCN3CCC(Cc4cccc(-c5ccoc5)c4)CC3)cccc2n1
CHEMBL118360,16.2,COc1ccc(C(=O)Nc2ccc(-c3ccncc3)cc2)cc1C#CCN(C)C
CHEMBL309021,15.4,COc1ccc(C(=O)Nc2ccc(-c3ccncc3)cc2)cc1CCCN(C)C
CHEMBL501645,32.0,O=C(Nc1ccc2[nH]cc(C3CCN(CCOCCOCCOCCN4CCC(c5c[nH]c6ccc(NC(=O)c7ccc(F)cc7)cc56)CC4)CC3)c2c1)c1ccc(F)cc1
CHEMBL488125,1000.0,O=C(Nc1ccc2[nH]cc(C3CCN(CCN4CCCCC4)CC3)c2c1)c1ccc(F)cc1
CHEMBL79561,1000.0,NC(=O)c1ccc2c(c1)CCOC2CCN1CC=C(c2c[nH]c3ccc(F)cc23)CC1
CHEMBL248457,100.0,Cc1ccc2c(OCCN3CCN(Cc4ccc5c(c4)NC(=O)CO5)CC3)cccc2n1
CHEMBL246597,6.31,Cc1ccc2c(OCCN3CCC(Cc4ccc5c(c4)N(C)C(=O)CO5)CC3)cccc2n1
CHEMBL247428,0.1995,Cc1ccc2c(OCCN3CCN(Cc4cc(F)c5c(c4)N(C)C(=O)CO5)CC3)cccc2n1
CHEMBL305976,483.0,CCCNC1CCc2ccc3[nH]ccc3c2C1
CHEMBL193268,316.23,COc1ccc(CN2CCN(CCOc3cccc4nc(C)ccc34)CC2)cc1[N+](=O)[O-]
CHEMBL282829,10000.0,CCc1ccc(N2CCN(Cc3c[nH]c4ncccc34)CC2)cc1
CHEMBL3936289,10000.0,CN1CC[C@H]2CC(=O)[C@H](Cc3ccccc3)[C@H]3CCC[C@@H]1[C@H]23
CHEMBL490417,251.19,Cc1ccc2c(N3CCN(CCc4ccc5c(c4)NC(=O)CO5)CC3)cccc2n1
CHEMBL522257,1.995,Cc1ccc2c(N3CCN(CCc4ccc5c(c4)N(C)C(=O)CO5)CC3)cccc2n1
CHEMBL97211,1258.93,Cc1cc(N2CCNCC2)c2cc(NS(=O)(=O)c3sc4ccc(Cl)cc4c3C)ccc2n1
CHEMBL498355,50.12,Cc1ccc2c(OCCN3CCC(Cc4cccc(NC(=O)C(C)C)c4)CC3)cccc2n1
CHEMBL498354,15.85,CCC(=O)Nc1cccc(CC2CCN(CCOc3cccc4nc(C)ccc34)CC2)c1
CHEMBL70980,228.0,c1ccc(CCCNCC2CCc3ccc4[nH]ccc4c3C2)cc1
CHEMBL423127,115.0,CCCN(CCCCN1C(=O)CC(C)(C)CC1=O)C1CCc2ccc3[nH]cc(C=O)c3c2C1
CHEMBL109526,4.6,CCCOc1ccc2[nH]cc(CCN)c2c1
CHEMBL321394,1000.0,CCCCCCCCCCc1ccc2[nH]c3c(c2c1)CC(N)CC3
CHEMBL309872,1000.0,NC(=O)c1ccc2c(c1)CCOC2CCN1CC=C(c2c[nH]c3cc(Cl)ccc23)CC1
CHEMBL136311,5960.0,CNCCOc1ccccc1
CHEMBL79693,73.0,NC(=O)c1ccc2c(c1)CCOC2CCN1CCC(c2cccc3ccccc23)CC1
CHEMBL113893,3.8,CN1CCC[C@@H]1Cc1c[nH]c2ccc(C3=CCN(C(=O)Nc4cccc5ccccc45)CC3)cc12
CHEMBL114780,3.8,CN1CCC[C@@H]1Cc1c[nH]c2ccc(C3=CCN(C(=O)Nc4ccc(Cl)cc4)CC3)cc12
CHEMBL21724,1.585,Cc1nc(-c2ccc(-c3ccc(C(=O)Nc4cc5c(c(OCCN(C)C)c4)OCC5)cc3)c(C)c2)no1
CHEMBL20771,12.59,Cc1cc(C(=O)Nc2ccc(C)c(N3CCN(C)CC3)c2)ccc1Br
CHEMBL115663,1.5,CN1CCC[C@@H]1Cc1c[nH]c2ccc(C3=CCN(/C(S)=N/c4ccc(Cl)cc4)CC3)cc12
CHEMBL387545,51.0,COc1cc(N2CCN(C)CC2)c2nc(C(=O)Nc3ccc(N4CCOCC4)cc3)cc(N(C)C)c2c1
CHEMBL332484,11.0,CN1CCC[C@@H]1Cc1c[nH]c2ccc(C3=CCN(C(=O)NC45C[C@H]6C[C@@H](C4)C[C@@H](C5)C6)CC3)cc12
CHEMBL187928,630.96,O=C(/C=C/c1ccccc1)N(Cc1ccc(-c2ccc(CNCCc3ccccc3)cc2)cc1)Cc1cccnc1.O=C(O)C(F)(F)F
CHEMBL29433,630.96,COc1ccc(NS(=O)(=O)c2sc3ccc(Cl)cc3c2C)cc1N1CCN2CCC[C@H]2C1
CHEMBL138136,255.0,CN(C)CCCOc1cccc2ccccc12
CHEMBL73190,10000.0,CCCc1ccc(CC2=NCCN2)cc1
CHEMBL2113348,10000.0,Cl.N#Cc1ccc2c(c1)CCN(CC[C@H]1CC[C@H](NC(=O)c3ccc4ccccc4c3)CC1)C2
CHEMBL317333,200.0,N#CCCN1CCC(c2cn(-c3ccc(F)cc3)c3ccc(-c4ncccn4)cc23)CC1
CHEMBL72158,10000.0,Cc1cc(C(C)(C)C)cc(C)c1CCN
CHEMBL96467,500.0,C[C@@H]1OC(=O)N(C(=O)NCCCN2CCC(c3ccc(F)cc3)CC2)[C@H]1c1ccc(F)c(F)c1
CHEMBL6310,10000.0,COc1ccc2c3c([nH]c2c1)CNCC3
CHEMBL273921,3981.07,O=C1c2ccccc2CCCN1CCN1CCC(n2c(O)nc3cc(F)ccc32)CC1
CHEMBL162011,410.0,O=S(=O)(c1cccc2ccccc12)N1CC=C(c2ccc3[nH]cc(CCN4CCCC4)c3c2)CC1
CHEMBL103479,1200.0,CN1CCC(c2c[nH]c3ccc(NC(=O)c4ccc(F)cc4)nc23)CC1
CHEMBL70988,10000.0,CN1CCN=C1Cc1ccccc1
CHEMBL139976,10000.0,CN(C)CCCNc1ccccc1
CHEMBL144397,0.3,NCCc1c[nH]c2ccc(OCC(=O)NCCCNC(=O)COc3ccc4[nH]cc(CCN)c4c3)cc12
CHEMBL357478,0.14,NCCc1c[nH]c2ccc(OCC(=O)Nc3ccc(N4CCN(C(=O)COc5ccc6[nH]cc(CCN)c6c5)CC4)cc3)cc12
CHEMBL1651095,10000.0,C[C@@H]1SC(c2ccccc2O)=N[C@@H]1CO
CHEMBL1651091,10000.0,NC(=O)c1csc(-c2ccccc2O)n1
CHEMBL84171,316.0,COc1ccc2[nH]cc(C3=CCN(CCC4OCCc5cc(C(N)=O)ccc54)CC3)c2c1
CHEMBL1633,1753.07,CN1CCC(=C2c3ccccc3CC(=O)c3sccc32)CC1.O=C(O)/C=C/C(=O)O
CHEMBL1632215,1.585,COc1cccc(C(=O)Nc2cccc(CCN3CCN(c4cccc5nc(C)ccc45)CC3)c2)c1
CHEMBL1631548,1.995,CCCS(=O)(=O)Nc1cccc(CCN2CCN(c3cccc4nc(C)ccc34)CC2)c1
CHEMBL1631537,3.162,Cc1ccc2c(N3CCN(CCc4cccc(NC(=O)Nc5ccc(F)cc5)c4)CC3)cccc2n1
CHEMBL305837,11.0,CCCN(CCCc1ccccc1OC)C1CCc2ccc3[nH]cc(C=O)c3c2C1
CHEMBL310744,310.0,NC(=O)c1ccc2c(c1)CCOC2CCN1CCN(c2c[nH]c3cc(F)ccc23)CC1
CHEMBL5089005,1.183,COc1ccc(NC(=O)c2ccc(-c3ccc(-c4noc(C)n4)cc3C)cc2)cc1OCCN(C)C.Cl
CHEMBL402143,1846.0,COc1c(OCCF)cccc1C(O)C1CCN(CCc2ccc(F)cc2)CC1
CHEMBL3326982,131.0,COc1ccccc1N1CCN(CCCCC(=O)NCc2ccccc2-c2ccccc2Cl)CC1
CHEMBL154274,5011.87,COc1ccc(S(=O)(=O)Nc2cc(Br)ccc2Br)cc1N1CCNCC1
CHEMBL103503,80.0,CN1CCC(c2c[nH]c3cnc(NC(=O)c4ccc(F)cc4)cc23)CC1
CHEMBL71247,856.0,CCCN(CCC)[C@@H]1CCc2ccc3[nH]cc(C(=O)C(N)=O)c3c2C1
CHEMBL353256,714.0,c1csc(-c2ccc3[nH]cc(CCN4CCCC4)c3c2)c1
CHEMBL555146,10000.0,C[C@@H]1CCCN1CCc1cc2cc(C(=O)c3ccc(F)cc3)ccc2o1
CHEMBL261917,1584.89,CC(C)(C)c1ccc(S(=O)(=O)Nc2ccc3nccc(N4CCNCC4)c3c2)cc1
CHEMBL3754166,954.99,C=CCN(CC=C)CCc1c[nH]c2ccc(Br)cc12
CHEMBL95823,2511.89,Cc1c(S(=O)(=O)Nc2ccc3nccc(N4CCN[C@@H](C)C4)c3c2)sc2ccc(Cl)cc12
CHEMBL116876,17.0,Cc1ccc(S(=O)(=O)N2CC=C(c3ccc4[nH]cc(C[C@H]5CCCN5C)c4c3)CC2)cc1
CHEMBL4217810,10.0,C[C@H]1SC(c2ccccc2O)=N[C@H]1CO
CHEMBL4218231,10.0,C[C@H]1SC(c2ccccc2O)=N[C@@H]1CO
CHEMBL323705,39.0,CN1CCC[C@@H]1Cc1c[nH]c2ccc(C3=CCN(/C(S)=N/C45C[C@H]6C[C@@H](C4)C[C@@H](C5)C6)CC3)cc12
CHEMBL2113347,630.96,Cl.N#Cc1ccc2c(c1)CN(CC[C@H]1CC[C@H](NC(=O)c3cc4ccccc4[nH]3)CC1)CC2
CHEMBL306940,10000.0,c1ccc(-c2ccc(CC3=NCCN3)cc2)cc1
CHEMBL552599,100.0,Cl.O=C(/C=C/c1c[nH]c2ccccc12)NCCCCN1CCc2ccc(OS(=O)(=O)C(F)(F)F)cc2C1
CHEMBL393169,300.0,OCC1(NCCCC2CCc3ccc(OCc4noc(-c5ccc(Cl)cc5)n4)cc32)CCCC1
CHEMBL238520,1000.0,Cc1ccc2c(OCCN3CCC(Cc4cc5c(cc4F)OCC(=O)N5)CC3)cc(F)cc2n1
CHEMBL1289721,1000.0,Cc1ccc2c(C3CCN(CCc4c(C)ccc5c4ccc(=O)n5C)CC3)cccc2n1
CHEMBL71838,5775.0,CNC(=O)c1ccc2c(c1)CCO[C@H]2CCN1CCN(c2ccc(OC)cc2)CC1
CHEMBL244946,501.19,Cc1ccc2c(-c3nnc(SCCCN4CCc5ccc(-c6cc(C)nn6C)cc5CC4)n3C)cccc2n1
CHEMBL449406,1200.0,Cc1cccc(C(=O)Nc2ccc3[nH]cc(C4CCN(C)CC4)c3n2)c1
CHEMBL391273,15.0,N#Cc1ccc2c(N3CCN(CC[C@@H]4OCCc5cc(C(N)=O)ccc54)CC3)cccc2c1
CHEMBL194809,1.259,CN1CCN(c2nccc3cc4c(cc23)N(C(=O)c2ccccc2Cl)CC4)CC1
CHEMBL194647,0.5012,CN1CCN(c2nccc3cc4c(cc23)N(C(=O)c2ccc(C#N)cc2)CC4)CC1
CHEMBL370852,0.3162,CN1CCN(c2nccc3cc4c(cc23)N(C(=O)c2ccc(Cl)cc2)CC4)CC1
CHEMBL522257,1.995,Cc1ccc2c(N3CCN(CCc4ccc5c(c4)N(C)C(=O)CO5)CC3)cccc2n1
CHEMBL238519,1584.89,Cc1ccc2c(OCCN3CCC(Cc4ccc5c(c4F)NC(=O)CO5)CC3)cc(Cl)cc2n1
CHEMBL1241641,1.0,Cc1ccc2c(N3CCN(CCc4cccc5c4OCc4nc(C(F)(F)F)cn4-5)CC3)cccc2n1
CHEMBL1241640,1.259,CCOC(=O)c1ncn2c1COc1c(CCN3CCN(c4cccc5nc(C)ccc45)CC3)cccc1-2
CHEMBL1241825,1.585,Cc1ccc2c(N3CCN(CCc4cccc5c4OCc4c(C#N)ncn4-5)CC3)cccc2n1
CHEMBL1289277,1000.0,Cc1ccc2c(N3CCN(CCc4c(C)ccc5c4ccc(=O)n5C)[C@H](C)C3)cccc2n1
CHEMBL83112,1000.0,NC(=O)c1ccc2c(c1)CCOC2CCN1CC=C(c2c[nH]c3c(F)cccc23)CC1
CHEMBL82488,155.0,NC(=O)c1ccc2c(c1)CCOC2CCN1CC=C(c2coc3cc(F)ccc23)CC1
CHEMBL2413153,411.0,Cn1c(=O)cnn(CCCCN2CCN(c3ccccc3OCCF)CC2)c1=O
CHEMBL1642882,1659.0,Cl.O=S(=O)(c1cccc(Cl)c1)c1n[nH]c2ccc(NC3CCNCC3)cc12
CHEMBL1241913,1.585,Cc1ccc2c(N3CCN(CCc4cccc5c4OCc4c(C(N)=O)ncn4-5)CC3)cccc2n1
CHEMBL1241642,1.0,Cc1ccc2c(N3CCN(CCc4cccc5c4OCc4cncn4-5)CC3)cccc2n1
CHEMBL2112766,316.0,CNCCOc1cccc(C)c1C
CHEMBL71469,109.0,CCCN(C)C1CCc2ccc3[nH]cc(C=O)c3c2C1
CHEMBL126340,190.0,CN(C)CCc1cccc2c1cc(C(=O)c1ccccc1)n2S(=O)(=O)c1ccccc1
CHEMBL105970,2.3,COc1ccc(NC(=O)N2CCN(c3ccccc3C)CC2)cc1N1CCN(C)CC1.O=C(O)/C=C/C(=O)O
CHEMBL313452,1000.0,NC(=O)c1ccc2c(c1)CCOC2CCN1CC=C(c2c[nH]c3cc(C(F)(F)F)ccc23)CC1
CHEMBL108818,188.0,CCCCCCOc1ccc2[nH]c3c(c2c1)CC(N)CC3
CHEMBL72167,1995.0,Cc1ccc(CC2=NCCN2)c(C)c1O
CHEMBL98965,3162.28,CCc1c(S(=O)(=O)Nc2ccc3nccc(N4CCNCC4)c3c2)sc2ccc(Cl)cc12
CHEMBL3609143,2466.0,COc1cc2c3c(c1OCC1CC1)-c1cc4c(cc1CC3N(C)CC2c1ccccc1)OCO4
CHEMBL72285,249.0,CCCN(CCc1ccccc1)C1CCc2ccc3[nH]ccc3c2C1
CHEMBL282950,0.7,CN1CCN(c2cccc3ccc(OCC(=O)Nc4ccc(NC(=O)COc5ccc6[nH]cc(CCN)c6c5)cc4)cc23)CC1
CHEMBL204269,7700.0,CC(C)(CCCN1CCCC(c2ccccc2)C1)S(=O)(=O)c1ccccc1
CHEMBL105025,150.0,Cc1ccccc1C(=O)Nc1ccc2[nH]cc(C3CCN(C)CC3)c2n1
CHEMBL104158,2900.0,CC(=O)Nc1ncc2[nH]cc(C3CCN(C)CC3)c2n1
CHEMBL197169,15.85,Cc1nc(C)c(C(=O)N2CCc3cc4ccnc(N5CCN(C)CC5)c4cc32)o1
CHEMBL127411,3100.0,Cc1ccc(S(=O)(=O)n2cc3c4c(cccc42)[C@H](O)[C@@H](N(C)C)C3)cc1
CHEMBL2058419,10000.0,CN1C(=N)N(C)/C(=C/c2c[nH]c3cccc(Br)c23)C1=O
CHEMBL140416,260.0,CN(CCOc1cccc2ccccc12)Cc1ccccc1
CHEMBL138509,3450.0,CNCCCOc1ccccc1
CHEMBL140417,750.0,CCCN(C)CCOc1cccc2ccccc12
CHEMBL12624,1584.89,Cc1cccc(S(=O)(=O)N2CCC[C@@H]2CCN2CCC(C)CC2)c1
CHEMBL420191,992.0,CCCN(Cc1ccccc1)C1CCc2ccc3[nH]cc(C=O)c3c2C1
CHEMBL442974,1000.0,Cn1nc(C2=CCN(CCC3OCCc4cc(C(N)=O)ccc43)CC2)c2ccc(F)cc21
CHEMBL183460,10.0,Cc1ccc2c(OCCN3CCC(Cc4ccc5c(c4)NC(=O)CO5)CC3)cccc2n1
CHEMBL136470,470.0,CN(C)CCCCOc1cccc2ccccc12
CHEMBL454766,1000.0,O=C(Nc1ccc2[nH]cc(C3CCN(CC(N4CCC(c5c[nH]c6ccc(NC(=O)c7ccc(F)cc7)cc56)CC4)C(F)(F)F)CC3)c2c1)c1ccc(F)cc1
CHEMBL510280,10000.0,O=C(Nc1ccc2[nH]cc(C3CCN(CCN4CCC(c5c[nH]c6ccc(NC(=O)c7ccc(F)cc7)cc56)CC4)CC3)c2c1)c1ccc(F)cc1
CHEMBL484059,0.3162,O=C1COc2ccc(CCN3CCN(c4cccc5nc(-c6ccccc6)ccc45)CC3)cc2N1
CHEMBL484260,0.631,Cc1cc(N2CCN(CCc3ccc4c(c3)NC(=O)CO4)CC2)c2ccc(C)nc2c1
CHEMBL496317,1.585,Cc1ccc2c(N3CCN(CCc4cc5c(cc4F)OCC(=O)N5)CC3)cccc2n1
CHEMBL103550,1600.0,CN1CCC(c2c[nH]c3ccc(NC(=O)c4cccc(F)c4)nc23)CC1
CHEMBL239167,1000.0,Cc1ccc2c(OCCN3CCC(Cc4ccc5c(c4)NC(=O)CO5)CC3)cc(C#N)cc2n1
CHEMBL372731,2.512,COc1cc2c(cc1N1C[C@@H](C)N(C)[C@@H](C)C1)N(C(=O)Oc1cccc(C(F)(F)F)c1Cl)CC2
CHEMBL196951,3.162,COc1cc2c(cc1N1C[C@@H](C)N[C@@H](C)C1)N(C(=O)c1ccc(-c3ccc(C(C)=O)cc3C)cc1)CC2
CHEMBL195432,3.981,COc1cc2c(cc1N1CCN(C)CC1)N(C(=O)Nc1cccc(Cl)c1Cl)CC2
CHEMBL106807,11.0,Cc1ccccc1N1CCN(C(=O)COc2ccc(Cl)c(N3CCN(C)CC3)c2)CC1.O=C(O)/C=C/C(=O)O
CHEMBL129661,2.0,COc1ccc2ccc(N3CCNCC3)cc2c1
CHEMBL29951,6.4,CCCN(CCC)C1CCc2cccc(OCCCCCCOc3cccc4c3CC(N(CCC)CCC)CC4)c2C1
CHEMBL104374,110.0,COc1ccc2[nH]cc(C3CCN(C)CC3)c2n1
CHEMBL3706925,88.0,C[C@H]1CN(c2cccc3cc(C#N)ccc23)CCN1CC[C@H]1OCc2cc(C(N)=O)ccc21
CHEMBL203013,720.0,C[C@@H]1CNC[C@H]2Cc3ccc(COCC4CC4)nc3N21
CHEMBL1744041,219.0,CCCN(CC(C)C)[C@@H]1CCc2ccc3[nH]ccc3c2C1
CHEMBL133455,3300.0,C[C@H](N)Cc1c[nH]c2ccc3c(c12)CCCO3
CHEMBL110317,7.4,CC(=O)c1ccc2[nH]cc(CCN)c2c1
CHEMBL1289276,1000.0,Cc1ccc2c(N3CCN(CCc4c(C)ccc5c4ccc(=O)n5C)CC3)cc(F)cc2n1
CHEMBL1289617,1000.0,Cc1ccc2c(N3CCN(CCc4c(C)ccc5c4ccc(=O)n5C)[C@@H](C)C3)cc(F)cc2n1
CHEMBL239166,1258.93,Cc1ccc2c(OCCN3CCC(Cc4ccc5c(c4)NC(=O)CO5)CC3)cc(Cl)cc2n1
CHEMBL225364,1300.0,CNc1cc(C(=O)Nc2ccc(N3CCOCC3)cc2)nc2c(N3CCN(C)CC3)cc(OC)cc12
CHEMBL323666,23.0,CN1CCC[C@@H]1Cc1c[nH]c2ccc(C3=CCN(S(=O)(=O)c4cccc5ccccc45)CC3)cc12
CHEMBL606547,15.0,CN1CCC[C@@H]1Cc1c[nH]c2ccc(NS(=O)(=O)c3ccccc3Cl)cc12
CHEMBL2391541,741.31,C=CCN(CC=C)CCc1c[nH]c2ccc(OC)cc12
CHEMBL488951,1000.0,CN(C)CCCN1CCC(c2c[nH]c3ccc(NC(=O)c4ccc(F)cc4)cc23)CC1
CHEMBL357034,1.9,CNCCc1c[nH]c2ccc(C(C)(C)C)cc12
CHEMBL241500,158.49,Cc1ccc2c(OCCN3CCC(Cc4ccc5c(c4)NC(=O)CO5)CC3)ccc(Cl)c2n1
CHEMBL1672288,10000.0,N#Cc1cc(F)cc(C#Cc2csc(F)n2)c1
CHEMBL363413,630.96,Cc1ccc2c(OCCN3CCN(Cc4cc(Cl)ccc4Cl)CC3)cccc2n1
CHEMBL129813,0.43,CN1CCN(c2cccc3ccc(OCC(=O)N4CCN(c5cccc6c5OCCO6)CC4)cc23)CC1
CHEMBL21790,3.162,COc1ccc(NC(=O)c2ccc(-c3ccc(-c4noc(C)n4)cc3C)cc2)cc1CCCN(C)C
CHEMBL241463,0.7943,Cc1ccc2c(OCCN3CCC(Cc4cc(F)c5c(c4)NC(=O)CO5)CC3)cccc2n1
CHEMBL239168,19.95,Cc1ccc2c(OCCN3CCC(Cc4cc5c(cc4F)OCC(=O)N5)CC3)cccc2n1
CHEMBL82523,1000.0,NC(=O)c1ccc2c(c1)CCOC2CCN1CC=C(c2c[nH]c3c(F)c(F)ccc23)CC1
CHEMBL127257,2000.0,Cc1ccc(N2CCN(Cc3nc4ccccc4[nH]3)CC2)cc1C
CHEMBL161894,95.0,S=C(NN1CC=C(c2ccc3[nH]cc(CCN4CCCC4)c3c2)CC1)c1cccc2ccccc12
CHEMBL4211311,10000.0,Oc1ccccc1C1=N[C@@H]2CCC[C@@H]2S1
CHEMBL1256863,11.16,NCCc1c[nH]c2ccc(C(N)=O)cc12.O=C(O)/C=C\C(=O)O
CHEMBL309162,5785.0,Cc1ccc(O)c(C)c1CC1=NCCN1
CHEMBL197064,11.9,COc1ccc(C)cc1N1CCN(CCn2cnc3sc4c(c3c2=O)CCN(C)C4)CC1
CHEMBL198696,1.7,CN1CCc2c(sc3ncn(CCN4CCN(c5ccccc5Cl)CC4)c(=O)c23)C1
CHEMBL2110366,6309.57,Cl.N#Cc1ccc2c(c1)CCN(CC[C@H]1CC[C@H](NC(=O)c3ccnc4ccccc34)CC1)C2
CHEMBL147206,100.0,NCCc1c[nH]c2ccc(OCC(=O)N3CCNCC3)cc12
CHEMBL2113352,6309.57,CS(=O)(=O)c1cccc(/C=C/C(=O)N[C@H]2CC[C@H](CCN3CCc4cc(C#N)ccc4C3)CC2)c1.Cl
CHEMBL104720,1700.0,CN1CCC(c2c[nH]c3ccc(NC(=O)C4CC4)nc23)CC1
CHEMBL119800,18.8,COc1ccc(C(=O)Nc2ccc(-c3ccncc3)cc2)cc1/C=C/CN(C)C
CHEMBL304767,56.0,CCCN(CCc1ccccc1)C1CCc2ccc3[nH]cc(C=O)c3c2C1
CHEMBL191921,251.19,Cc1ccc2c(OCCN3CCN(Cc4cccc5ncccc45)CC3)cccc2n1
CHEMBL4209274,10000.0,Fc1ccc(-c2n[nH]c3c2CCNCC3)cc1
CHEMBL1258223,820.0,CCCCN1CCC(COC(=O)c2cc(Cl)c(NC)c3c2OCCO3)CC1
CHEMBL1631532,0.5012,COC(=O)Nc1cccc(CCN2CCN(c3cccc4nc(C)ccc34)CC2)c1
CHEMBL1631542,1.995,Cc1ccc2c(N3CCN(CCc4cccc(N5CCOC5=O)c4)CC3)cccc2n1
CHEMBL1632221,1.995,CCCNC(=O)Nc1cccc(CCN2CCN(c3cccc4nc(C)ccc34)CC2)c1
CHEMBL1632212,3.162,Cc1ccc2c(N3CCN(CCc4cccc(NC(=O)c5cccc(F)c5)c4)CC3)cccc2n1
CHEMBL1631541,39.81,Cc1ccc2c(N3CCN(CCc4cccc(N5CCCNC5=O)c4)CC3)cccc2n1
CHEMBL84305,1000.0,NC(=O)c1ccc2c(c1)CCOC2CCN1CC=C(c2c[nH]c3c(Cl)c(Cl)ccc23)CC1
CHEMBL234447,281.0,C[C@@H]1CN(c2cccc3cc(F)ccc23)CCN1CCC1OCCc2cc(C(N)=O)ccc21
CHEMBL146720,0.36,NCCc1c[nH]c2ccc(OCC(=O)N3CCN(C(=O)COc4ccc5[nH]cc(CCN)c5c4)CC3)cc12
CHEMBL297471,312.0,CC(C)(C)c1ccc2[nH]cc(CCN3CCCC3)c2c1
CHEMBL3706924,1000.0,C[C@H]1CN(c2cccc3cc(F)ccc23)CCN1CC[C@H]1OCc2cc(C(N)=O)ccc21
CHEMBL71751,10000.0,O=[N+]([O-])c1ccc(CC2=NCCN2)cc1
CHEMBL102250,930.0,CN1CCC(c2c[nH]c3ccc(NC(=O)c4ccoc4)nc23)CC1
CHEMBL323264,14.0,CNC(=O)Nc1ccc2[nH]cc(C3CCN(C)CC3)c2n1
CHEMBL311323,1000.0,Cn1cc(C2=CCN(CCC3OCCc4cc(C(N)=O)ccc43)CC2)c2ccc(F)cc21
CHEMBL38465,1000.0,Cc1[nH]cnc1Cc1nc(-c2ccccc2)cs1
CHEMBL97333,100.0,CN1CCC(CCN2CCC(c3cn(-c4ccc(F)cc4)c4ccc(-c5ncn(C)n5)cc34)CC2)C1=O
CHEMBL111316,10.0,NC(=O)c1ccc2[nH]c3c(c2c1)CC(N)CC3
CHEMBL72062,46.0,CCCN(CCc1cccs1)C1CCc2ccc3[nH]cc(C=O)c3c2C1
CHEMBL115941,14.0,COc1ccc(S(=O)(=O)N2CC=C(c3ccc4[nH]cc(C[C@H]5CCCN5C)c4c3)CC2)cc1
CHEMBL3217984,316.23,CN1CCC2C(C1)c1cccc3c1N2c1ccccc1CS3
CHEMBL303441,3865.0,Cc1ccc(CC2=NCCN2)c(C)c1OCc1ccccc1
CHEMBL3764650,845.0,COc1ccccc1N1CCN(CCCCCC(=O)n2c3ccccc3c3ccccc32)CC1.Cl
CHEMBL104753,1000.0,CN1CCC(c2c[nH]c3ccc(NC(=O)c4ccsc4)nc23)CC1
CHEMBL442,2.1,CN1C[C@H](C(=O)N[C@]2(C)O[C@@]3(O)[C@@H]4CCCN4C(=O)[C@H](Cc4ccccc4)N3C2=O)C=C2c3cccc4[nH]cc(c34)C[C@H]21
CHEMBL494991,501.19,COc1ccc(CN2CCN(CCOc3cccc4nc(C)ccc34)CC2)cc1
CHEMBL224738,292.0,COc1cc(N(C)CCCN(C)C)c2[nH]c(C(=O)Nc3ccc(N4CCOCC4)cc3)cc(=O)c2c1
CHEMBL196962,3.3,COc1cc(Cl)ccc1N1CCN(CCn2cnc3sc4c(c3c2=O)CCN(C)C4)CC1
CHEMBL371094,5.4,CN1CCc2c(sc3ncn(CCN4CCN(c5ccccc5OCC(C)(C)C)CC4)c(=O)c23)C1
CHEMBL15933,31.62,Cc1nc(-c2ccc(-c3ccc(C(=O)Nc4ccc5c(c4)C4(CCN(C)CC4)CO5)cc3)c(C)c2)no1
CHEMBL1169435,387.0,NC(=O)c1ccc2c(c1)CCO[C@H]2CCN1CC=C(c2c[nH]c3c(F)cccc23)CC1
CHEMBL376813,35.0,COc1cc(N2CC[C@@H](N(C)C)C2)c2[nH]c(C(=O)Nc3ccc(N4CCOCC4)cc3)cc(=O)c2c1
CHEMBL2205814,10000.0,COc1ccc(CCN2C3C4C5CC6C7C5C3C7C2(O)C64)cc1OC
CHEMBL282424,10000.0,Fc1ccccc1N1CCN(Cc2c[nH]c3ncccc23)CC1
CHEMBL392586,1.0,CN1CCN(c2cccc3ccc(OCc4noc(-c5ccc(Cl)cc5)n4)cc23)CC1
CHEMBL456458,63.1,Cc1ccc2c(OCCN3CCC(Cc4cccc(N5CCN(C)CC5=O)c4)CC3)cccc2n1
CHEMBL459282,5.012,Cc1ccc2c(OCCN3CCC(Cc4cccc(C5CCN(C)CC5)c4)CC3)cccc2n1
CHEMBL2260928,2317.0,CNC(C)COc1ccc(Br)cc1Br.O=C(O)C(=O)O
CHEMBL2260924,1456.0,CN1CCN(CCOc2ccc(Br)cc2Br)CC1.O=C(O)C(=O)O
CHEMBL336092,107.0,OCCNCCOc1cccc2ccccc12
CHEMBL29846,794.33,COc1ccc(NS(=O)(=O)c2sc3ccc(Cl)cc3c2C)cc1N1CCN(C)CC1
CHEMBL1632214,3.981,COc1ccccc1C(=O)Nc1cccc(CCN2CCN(c3cccc4nc(C)ccc34)CC2)c1
CHEMBL1631539,12.59,CC(=O)N(C)c1cccc(CCN2CCN(c3cccc4nc(C)ccc34)CC2)c1
CHEMBL4469848,9300.0,FC(F)(F)c1cc(Oc2nccc3occc23)ccc1-c1cccc2nccn12
CHEMBL2181169,10000.0,CCCN1CCC(COc2nc3c(I)cccc3c3ccccc23)CC1
CHEMBL469589,794.33,Cc1ccc2c(N3CCN(CCCc4cccc5c4OCC(=O)N5C)CC3)cc(F)cc2n1
CHEMBL471047,15.85,Cc1ccc2c(N3CCN(CCc4cccc5c4OCC(=O)N5C)[C@@H](C)C3)cccc2n1
CHEMBL440008,64.0,O=C(NN1CC=C(c2ccc3[nH]cc(CCN4CCCC4)c3c2)CC1)C12CC3CC(CC(C3)C1)C2
CHEMBL71299,439.0,CCCN(CCC)C1CCc2ccc3c(c(C=O)cn3C)c2C1
CHEMBL1632206,0.5012,CC(=O)Nc1cccc(CCN2CCN(c3cccc4nc(C)ccc34)CC2)c1
CHEMBL1631545,1.585,Cc1ccc2c(N3CCN(CCc4cccc(-n5cccn5)c4)CC3)cccc2n1
CHEMBL1631544,39.81,Cc1ccc2c(N3CCN(CCc4cccc(N5C(=O)CCC5=O)c4)CC3)cccc2n1
CHEMBL2204360,33.0,Cc1ccc(Sc2ccccc2N2CCNCC2)c(C)c1.Cl
CHEMBL224195,0.9,COc1cc(N2CCCN(C)CC2)c2[nH]c(C(=O)Nc3ccc(N4CCOCC4)cc3)cc(=O)c2c1
CHEMBL225308,392.0,COc1cc(N(C)CCN(C)C)c2[nH]c(C(=O)Nc3ccc(N4CCOCC4)cc3)cc(=O)c2c1
CHEMBL117397,3.2,CN1CCC[C@@H]1Cc1c[nH]c2ccc(C3=CCN(/C(S)=N/c4cccc5ccccc45)CC3)cc12
CHEMBL138907,1225.0,CCCCN(CC)CCOc1cccc2ccccc12
CHEMBL305743,216.0,CCCN(CCC)C1CCc2cc(F)c3[nH]ccc3c2C1
CHEMBL357830,0.22,NCCc1c[nH]c2ccc(OCC(=O)N3CCC(C4CCN(C(=O)COc5ccc6[nH]cc(CCN)c6c5)CC4)CC3)cc12
CHEMBL333784,1584.89,CC1CCN(CC[C@H]2CCCN2S(=O)(=O)c2ccc(Cl)c(Cl)c2)CC1
CHEMBL434355,3.981,CCN1[C@H](C)CN(c2cc3c(cc2OC)CCN3C(=O)c2ccc(-c3cccc(C)n3)c3ccccc23)C[C@@H]1C
CHEMBL109839,21.0,CCCCCCCCCCCOc1ccc2[nH]cc(CCN)c2c1
CHEMBL302171,2275.0,CCCN(CCC)[C@H]1CCc2ccc3[nH]ccc3c2C1
CHEMBL308727,6830.0,CC(C)(C)c1ccc(CC2=NCCN2)cc1
CHEMBL104692,270.0,CN1CCC(c2c[nH]c3ccc(NC(=O)c4ccc([N+](=O)[O-])cc4)nc23)CC1
CHEMBL2260925,2478.0,CNC(C)COc1cccc(Cl)c1Cl.O=C(O)C(=O)O
CHEMBL94984,3981.07,CC1CCN(CC[C@H]2CCCN2S(=O)(=O)c2cccc3ccccc23)CC1
CHEMBL491839,0.631,CC1(C)Cc2cccc(N3CCN(CCc4ccc5c(c4)NC(=O)CO5)CC3)c2O1
CHEMBL495705,1.995,Cc1ccc2c(N3CCN(CCc4ccc5c(c4)NC(=O)CO5)CC3C)cccc2n1
CHEMBL496520,0.3981,Cc1ccc2c(N3CCN(CCc4ccc5c(c4F)NC(=O)CO5)CC3)cccc2n1
CHEMBL3961059,1200.0,CNCc1ccc(Cl)c(-c2ccccc2OC)c1
CHEMBL282693,2.512,COc1ccc(NC(=O)c2ccc(-c3ccc(-c4noc(C)n4)cc3C)cc2)cc1NCCN(C)C
CHEMBL1258452,10000.0,CCCCN1CCC(COC(=O)c2ccc(N)c(OC)c2)CC1
CHEMBL239603,1000.0,OCC1CCCN(CCCC2CCCc3ccc(OCc4noc(-c5ccc(Cl)cc5)n4)cc32)C1
CHEMBL157910,10000.0,COc1ccc(S(=O)(=O)Nc2cc(Cl)cc(Cl)c2Cl)cc1N1CCNCC1
CHEMBL234449,1000.0,NC(=O)c1ccc2c(c1)CCO[C@H]2CCN1CCN(c2ccc3cc(F)ccc3c2)CC1
CHEMBL274256,5.012,COc1cc2c(cc1N1C[C@@H](C)N(C)[C@@H](C)C1)N(C(=O)c1ccc(-c3ccc(-c4noc(C)n4)cc3C)cc1)CC2
CHEMBL224267,30.0,COc1cc(C(=O)Nc2ccc(N3CCOCC3)cc2)nc2c(N3CCN(C)CC3)cc(F)cc12
CHEMBL203400,7000.0,CCOC(=O)[C@@H]1CCCN(CCCC(C)(C)S(=O)(=O)c2ccccc2)C1
CHEMBL303269,373.0,CCCN(CCC)C1CCc2ccc3[nH]cc(S(C)(=O)=O)c3c2C1
CHEMBL503468,79.0,O=C(Nc1ccc2[nH]cc(C3CCN(CCCCCCCN4CCC(c5c[nH]c6ccc(NC(=O)c7ccc(F)cc7)cc56)CC4)CC3)c2c1)c1ccc(F)cc1
CHEMBL2260922,3641.0,CNCCOc1cc(Cl)ccc1Cl.O=C(O)C(=O)O
CHEMBL304573,948.0,CCCN(CCC)[C@H]1CCc2cc(F)c3[nH]ccc3c2C1
CHEMBL4877051,1018.0,COc1ccc(-c2n[nH]cc2N2CCNCC2)cc1
CHEMBL4848305,10000.0,Clc1cccc(-c2n[nH]cc2N2CCNCC2)c1
CHEMBL2181171,10000.0,CCCN1CCC(COc2nc3ccccc3c3ncccc23)CC1
CHEMBL21369,125.89,Cc1cc(C(=O)Nc2cccc(N3CCN(C)CC3)c2)ccc1Br
CHEMBL282971,630.96,COc1ccc(NS(=O)(=O)c2sc3ccc(Cl)cc3c2C)cc1N1CCN2CCC[C@@H]2C1
CHEMBL484387,50.12,Cc1ccc2c(OCCN3CC(COc4ccc5c(c4)NC(=O)CO5)C3)cccc2n1
CHEMBL484216,39.81,Cc1ccc2c(OCC(C)N3CCC(Cc4ccc5c(c4)NC(=O)CO5)CC3)cccc2n1
CHEMBL519037,5011.87,Cc1ccc2c(OC3CCN(CC(=O)c4ccc5c(c4)NC(=O)CO5)CC3)cccc2n1
CHEMBL139737,7660.0,CC(C)NCCCOc1cccc2ccccc12
CHEMBL225310,170.0,CCN1CCC(N(CC)c2cc(OC)cc3c(=O)cc(C(=O)Nc4ccc(N5CCOCC5)cc4)[nH]c23)C1
CHEMBL108722,8.0,COc1cccc(N2CCN(C(=O)Nc3ccc(OC)c(N4CCN(C)CC4)c3)CC2)c1.O=C(O)/C=C/C(=O)O
CHEMBL277467,6.31,COc1ccc(NC(=O)c2ccc(Br)c(C)c2)cc1N1CCN(C)CC1
CHEMBL512724,31.62,Cc1ccc2c(N3CCN(CCc4ccc5c(c4)OCC(=O)N5)CC3)cccc2n1
CHEMBL2181188,10000.0,CCCN1CCC(COc2nc3c(Cl)cccc3c3ccccc23)CC1
CHEMBL495161,1584.89,CC(=O)Nc1ccccc1CN1CCN(CCOc2cccc3nc(C)ccc23)CC1
CHEMBL422737,303.0,CN(C)CCc1c[nH]c2ccc(-c3ccc(Cl)s3)cc12
CHEMBL435936,7.943,COc1cc2c(cc1N1C[C@@H](C)N(C)[C@@H](C)C1)N(C(=O)Nc1cccc(Cl)c1Cl)CC2
CHEMBL481153,2200.0,O=C(OCCN1CCCC1)N1c2ccccc2Sc2ccccc21
CHEMBL327103,52.0,CC(C)C(=O)Oc1ccc2[nH]cc(CCN(C)C)c2c1
CHEMBL49826,15.5,CN1CCC[C@@H]1Cc1c[nH]c2ccc(C(C)(C)C)cc12
CHEMBL414628,1258.93,COc1ccc(S(=O)(=O)N2CCc3ccc(I)cc32)cc1N1CCNCC1
CHEMBL2260927,6692.0,CNC(C)COc1cc(Cl)ccc1Cl.O=C(O)C(=O)O
CHEMBL105327,610.0,CN1CCC(c2c[nH]c3ccc(NS(C)(=O)=O)nc23)CC1
CHEMBL484345,2000.0,NCCC(=O)Nc1cccc2c1cnn2S(=O)(=O)c1cccc2ccccc12
CHEMBL446745,1.3,CN1CCC(c2c[nH]c3ccc(NC(=O)CCCCCCCCCC(=O)Nc4ccc5[nH]cc(C6CCN(C)CC6)c5c4)cc23)CC1
CHEMBL470217,158.49,Cc1ccc2c(N3CCN(CCCc4cccc5c4OCC(=O)N5C)[C@H](C)C3)cc(F)cc2n1
CHEMBL1642851,5000.0,Cl.O=S(=O)(c1cccc2ccccc12)c1n[nH]c2ccc(NC3CCNCC3)cc12
CHEMBL197982,1000.0,C[C@@H]1CN(c2cccc3cc(F)ccc23)CCN1CCC1OCCc2c1sc(C(N)=O)c2Cl
CHEMBL515472,884.0,COc1c(OCCF)cccc1[C@H](O)C1CCN(CCc2ccc(F)cc2)CC1
CHEMBL2260931,10000.0,CN[C@@H](COc1cccc(Cl)c1Cl)c1ccccc1.O=C(O)C(=O)O
CHEMBL2260929,71.5,CNC(C)COc1c(Br)cccc1Br.O=C(O)C(=O)O
CHEMBL520129,1800.0,O=C(Nc1ccc2cnn(S(=O)(=O)c3cccc4ccccc34)c2c1)C1CCCNC1
CHEMBL376344,1000.0,COc1cc(N2CC[C@H](N(C)C)C2)c2[nH]c(C(=O)Nc3ccc(N4CCOCC4)cc3)cc(=O)c2c1
CHEMBL518545,15.85,Cc1ccc2c(OCCN3CCC(Cc4cccc(N5CCN[C@@H](C)C5)c4)CC3)cccc2n1
CHEMBL500749,10000.0,O=C(Nc1ccc2[nH]cc(C3CCN(CCCCCCCCCCCCN4CCC(c5c[nH]c6ccc(NC(=O)c7ccc(F)cc7)cc56)CC4)CC3)c2c1)c1ccc(F)cc1
CHEMBL509314,126.0,O=C(Nc1ccc2[nH]cc(C3CCN(CCCCCCCCCCCN4CCC(c5c[nH]c6ccc(NC(=O)c7ccc(F)cc7)cc56)CC4)CC3)c2c1)c1ccc(F)cc1
CHEMBL229429,10000.0,N#Cc1cc(F)cc(C#Cc2csc(CF)n2)c1
CHEMBL302373,1512.0,CCCNC1CCc2cc(F)ccc2C1
CHEMBL113868,13.0,CN1CCC[C@@H]1Cc1c[nH]c2ccc(C3=CCN(/C(S)=N/C4CCCCC4)CC3)cc12
CHEMBL1258671,10000.0,CCCCN1CCC(COC(=O)c2cc(F)c(N)c3c2OCCO3)CC1
CHEMBL5207529,52.1,COc1cc(OC)c(C2NCCc3c2[nH]c2ccc(Cl)cc32)cc1OC.Cl
CHEMBL497963,1.995,Cc1ccc2c(OCCN3CCC(Cc4cccc(NS(C)(=O)=O)c4)CC3)cccc2n1
CHEMBL462916,7.943,Cc1ccc2c(OCCN3CCC(Cc4cccc(-c5ccncc5)c4)CC3)cccc2n1
CHEMBL128,7.7,CNS(=O)(=O)Cc1ccc2[nH]cc(CCN(C)C)c2c1
CHEMBL92139,11.0,CN(C)CCc1cccc2c1ccn2S(=O)(=O)c1ccccc1
CHEMBL432713,12.59,O=C(/C=C/c1ccc(Cl)c(Cl)c1)NCCCCCN1CCC(c2c[nH]c3ccc(O)cc23)CC1
CHEMBL2113350,158.49,Cl.N#Cc1ccc2c(c1)CN(CC[C@H]1CC[C@H](NC(=O)/C=C/c3ccccc3)CC1)CC2
CHEMBL349174,140.0,Cc1ccc(S(=O)(=O)N2CC=C(c3ccc4[nH]cc(CCN5CCCC5)c4c3)CC2)cc1
CHEMBL94612,14.0,O=C1NCCN1CCN1CCC(c2cn(-c3ccc(F)cc3)c3ccc(-c4cccnc4)cc23)CC1
CHEMBL2260920,36.4,CNCCOc1cccc(Cl)c1Cl.O=C(O)C(=O)O
CHEMBL523064,0.7943,Cc1ccc2c(N3C[C@H]4C[C@@H]3CN4CCc3ccc4c(c3)NC(=O)CO4)cccc2n1
CHEMBL143967,246.0,CCCN(CCC)CCc1c[nH]c2ccc(OS(=O)(=O)C(F)(F)F)cc12
CHEMBL190298,63.1,Cc1ccc2c(OCCN3CCN(Cc4cccc5[nH]cnc45)CC3)cccc2n1
CHEMBL424128,0.5,NCCc1c[nH]c2ccc(OCCCCCCOc3ccc4[nH]cc(CCN)c4c3)cc12
CHEMBL1242904,1.585,Cc1ccc2c(N3CCN(CCc4cccc5c4OCc4nccn4-5)CC3)cccc2n1
CHEMBL1242623,1.585,Cc1ccc2c(N3CCN(CCc4cccc5c4OCc4c(C(=O)N6CCCCC6)ncn4-5)CC3)cccc2n1
CHEMBL1242167,0.631,Cc1ccc2c(N3CCN(CCc4cccc5c4OCc4c(C(=O)NC6CCC6)ncn4-5)CC3)cccc2n1
CHEMBL1241824,0.631,Cc1ccc2c(N3CCN(CCc4cccc5c4OCc4c(C(=O)N(C)C)ncn4-5)CC3)cccc2n1
CHEMBL283036,10000.0,FC(F)(F)c1ccc(N2CCN(Cc3c[nH]c4ncccc34)CC2)cc1
CHEMBL163516,170.0,S=C(NN1CC=C(c2ccc3[nH]cc(CCN4CCCC4)c3c2)CC1)C12CC3CC(CC(C3)C1)C2
CHEMBL327662,20.0,Cn1cnnc1-c1ccc2c(c1)c(C1CCN(CCN3CCNC3=O)CC1)cn2-c1ccc(F)cc1
CHEMBL1632208,1.585,Cc1ccc2c(N3CCN(CCc4cccc(NC(=O)C(C)C)c4)CC3)cccc2n1
CHEMBL1631538,1.259,CCOC(=O)Nc1cccc(CCN2CCN(c3cccc4nc(C)ccc34)CC2)c1
CHEMBL114012,10000.0,CC1CCN(CCC2CCCCN2S(=O)(=O)c2cccc3ccccc23)CC1
CHEMBL186961,30000.0,c1ccc(NC2=NCCN2)cc1
CHEMBL5077293,410.0,COc1ccccc1-c1cc(C2CCNC2)ccc1Cl
CHEMBL420997,340.0,Cn1cnc(-c2ccc3c(c2)c(C2CCN(CCC#N)CC2)cn3-c2ccc(F)cc2)n1
CHEMBL484386,199.53,Cc1ccc2c(OC(C)CN3CCC(Cc4ccc5c(c4)NC(=O)CO5)CC3)cccc2n1
CHEMBL391033,31.62,Cc1ccc2c(OCCN3CCC(Cc4ccc5c(c4)NC(=O)CO5)CC3)c(F)ccc2n1
CHEMBL441256,82.0,CCCN(CCC)C1CCc2cc(F)c3[nH]cc(C=O)c3c2C1
CHEMBL311694,1000.0,N#Cc1cccc2c(C3=CCN(CCC4OCCc5cc(C(N)=O)ccc54)CC3)c[nH]c12
CHEMBL147677,0.2,NCCc1c[nH]c2ccc(OCCNC(=O)NCCOc3ccc4[nH]cc(CCN)c4c3)cc12
CHEMBL489453,16.0,CN1CCC(c2c[nH]c3ccc(NC(=O)CC(=O)Nc4ccc5[nH]cc(C6CCN(C)CC6)c5c4)cc23)CC1
CHEMBL521235,353.0,CN1CCC(c2c[nH]c3ccc(N)cc23)CC1
CHEMBL497127,100.0,CCN(C(C)=O)c1cccc(CC2CCN(CCOc3cccc4nc(C)ccc34)CC2)c1
CHEMBL497979,125.89,Cc1ccc2c(N3CCN(CCc4ccc5c(c4)NC(=O)CO5)CC3)ccc(F)c2n1
CHEMBL521873,7.943,Cc1ccc2c(N3CCN(CCc4ccc5c(c4)NC(=O)CO5)[C@H](C)C3)cccc2n1
CHEMBL495703,1.259,Cc1ccc2c(N3CCN(CCc4ccc5c(c4)NC(=O)CO5)[C@@H](C)C3)cccc2n1
CHEMBL489394,1.0,Cc1ccc2c(N3CCN(CCc4cc(F)c5c(c4)NC(=O)CO5)CC3)cccc2n1
CHEMBL171129,17.0,CN(C)CCc1c[nH]c2ccc(-c3ccsc3)cc12
CHEMBL356277,0.27,NCCc1c[nH]c2ccc(OCC(=O)Nc3ccc(NC(=O)COc4ccc5[nH]cc(CCN)c5c4)cc3)cc12
CHEMBL302172,139.0,CCCN(CCC)[C@@H]1CCc2ccc3[nH]ccc3c2C1
CHEMBL186919,30000.0,Cc1cccc(C)c1N=C1NCCN1
CHEMBL143510,37.0,CCN(CC)CCc1c[nH]c2ccc(OS(=O)(=O)C(F)(F)F)cc12
CHEMBL1241548,1.995,Cc1ccc2c(N3CCN(CCc4cccc5c4OCc4nc(C)c(C)n4-5)CC3)cccc2n1
CHEMBL1241737,2.512,CO/N=C(\C)c1ncn2c1COc1c(CCN3CCN(c4cccc5nc(C)ccc45)CC3)cccc1-2
CHEMBL4743495,1156.91,Cl.O=C(O)c1cc(-c2ccc(C3CCNCC3)cc2)c2ccc(-c3ccc(C(F)(F)F)cc3)cc2c1
CHEMBL391272,1000.0,C[C@H]1CN(c2ccc3cc(F)ccc3c2)CCN1CC[C@@H]1OCCc2cc(C(N)=O)ccc21
CHEMBL4218672,10000.0,Fc1ccc(-c2noc3c2CCNCC3)cc1
CHEMBL4218801,10000.0,Clc1ccc(-c2noc3c2CCNCC3)cc1
CHEMBL325175,4.8,CN1CCC[C@@H]1Cc1c[nH]c2ccc(C3=CCN(C(=O)Nc4ccccc4)CC3)cc12
CHEMBL2181170,10000.0,CCCN1CCC(COc2nc3c(F)cccc3c3ncccc23)CC1
CHEMBL4576555,1995.26,CN1CCN(C(=O)C(C)(C)c2ccc(C(=O)Nc3cn4cc(-c5cc(C(C)(C)C)cc(C(C)(C)C)c5)ccc4n3)cc2)CC1
CHEMBL495213,1.259,Cc1ccc2c(OCCN3CCC(Cc4cccc(NS(=O)(=O)C(C)C)c4)CC3)cccc2n1
CHEMBL495160,1258.93,CC(=O)Nc1ccc(CN2CCN(CCOc3cccc4nc(C)ccc34)CC2)cc1
CHEMBL1242950,1000.0,CCCCC1CCN(CCCC(=O)c2ccccc2C)CC1
CHEMBL309021,70.1,COc1ccc(C(=O)Nc2ccc(-c3ccncc3)cc2)cc1CCCN(C)C
CHEMBL511279,15.85,Cc1ccc2c(N3CCN(CCc4cccc5c4OCC(=O)N5CC(F)F)CC3)cccc2n1
CHEMBL197947,1.0,CCc1c(C(=O)N2CCc3cc4ccnc(N5CCN6CCC[C@@H]6C5)c4cc32)cnn1-c1ccc(C#N)cc1
CHEMBL194610,19.95,COc1cc2c(cc1N1C[C@@H](C)N(C)[C@@H](C)C1)N(C(=O)c1cccc(Cl)c1)CC2
CHEMBL196848,0.631,COc1cc2c(cc1N1C[C@@H](C)N(C)[C@@H](C)C1)N(C(=O)c1ccc(-c3ccccc3C)cc1)CC2
CHEMBL192176,100.0,Cc1ccc2c(OCCN3CCN(CN4C=CC5=CC(=O)CC=C5O4)CC3)cccc2n1
CHEMBL190190,398.11,Cc1ccc2c(OCCN3CCN(Cc4cccc5cc[nH]c45)CC3)cccc2n1
CHEMBL81703,186.0,NC(=O)c1ccc2c(c1)CCOC2CCN1CC=C(c2csc3cc(F)ccc23)CC1
CHEMBL147901,0.16,NCCc1c[nH]c2ccc(OCCNC(=O)COc3ccc4[nH]cc(CCN)c4c3)cc12
CHEMBL342704,290.0,NCCCOc1cccc2ccccc12
CHEMBL79674,131.0,NC(=O)c1ccc2c(c1)CCOC2CCN1CCC(c2c[nH]c3cc(F)ccc23)CC1
CHEMBL601013,0.955,COC1(c2ccc(NC(=O)C3CCc4cc(F)cc(-c5c(C)nn(C)c5C)c4O3)cn2)CCOCC1
CHEMBL334259,5.8,CN1CCC[C@@H]1Cc1c[nH]c2ccc(C3=CCN(/C(S)=N/c4ccccc4)CC3)cc12
CHEMBL323603,14.0,CN1CCC[C@@H]1Cc1c[nH]c2ccc(C3=CCN(C(=O)NC4CCCCC4)CC3)cc12
CHEMBL1615374,1244.8,Cl.N#Cc1ccc2[nH]cc(CCCCN3CCN(c4ccc5oc(C(N)=O)cc5c4)CC3)c2c1
CHEMBL3706923,114.0,C[C@H]1CN(c2cccc3cc(F)ccc23)CCN1CC[C@@H]1OCc2cc(C(N)=O)ccc21
CHEMBL372651,2.512,CCc1c(C(=O)N2CCc3cc4ccnc(N5CCNCC5)c4cc32)cnn1-c1ccc(C#N)cc1
CHEMBL399719,7.943,Cc1ccc2c(OCCN3CCN(Cc4ccc5c(c4)N(C)C(=O)CO5)CC3)cccc2n1
CHEMBL250973,12.59,CCOc1ccc(CC(=O)N2CCc3cc(OC)c(N4C[C@@H](C)N(C)[C@@H](C)C4)cc32)cc1Cl
CHEMBL5071978,10000.0,CCN(CC)Cc1ccc(Cl)c(-c2ccccc2OC)c1
CHEMBL5091373,84.0,CNCCc1ccc(Cl)c(-c2ccccc2OC)c1.Cl
CHEMBL5074190,74.0,COc1ccccc1-c1cc(CCN(C)C)ccc1Cl
CHEMBL2181189,10000.0,CCCN1CCC(COc2nc3c(F)cccc3c3ccccc23)CC1
CHEMBL2058420,10000.0,CN1C(=N)N(C)/C(=C/c2c[nH]c3c(Br)cccc23)C1=O
CHEMBL115415,610.0,CN(C)CCc1c[nH]c2ccc(C3=CCN(C)CC3)cc12
CHEMBL2436555,10000.0,Cl.NC1=Nc2ccc(Cl)cc2CN1
CHEMBL170192,23.0,CN(C)CCc1c[nH]c2ccc(-c3cccs3)cc12
CHEMBL423610,476.0,Clc1ccc(-c2ccc3[nH]cc(CCN4CCCC4)c3c2)s1
CHEMBL366322,12.0,Cc1cc(C(C)(C)C)cc(C)c1NC1=NCCN1
CHEMBL196370,2.0,COc1ccc(NC(=O)N2CCN(c3ccccc3OC)CC2)cc1N1CCN(C)CC1
CHEMBL191971,3.981,CN1CCN(c2cc3c(cc2Cl)CCN3C(=O)Nc2ccc(-c3ccncc3)c3ccccc23)CC1
CHEMBL2113098,15.85,COc1cc2c(cc1N1C[C@@H](C)N(C)[C@@H](C)C1)N(C(=O)Cc1cccc([N+](=O)[O-])c1)CC2
CHEMBL195898,1.995,COc1cc2c(cc1N1C[C@@H](C)N(C)[C@@H](C)C1)N(C(=O)Cc1cccc(Cl)c1F)CC2
CHEMBL4863868,3585.0,Cc1ccc(-c2n[nH]cc2N2CCCNCC2)cc1
CHEMBL4866412,10000.0,Fc1cccc(-c2n[nH]cc2N2CCCNCC2)c1
CHEMBL4870675,10000.0,COc1cccc(-c2n[nH]cc2N2CCNCC2)c1
CHEMBL107487,53.0,CCCCCCCCCOc1ccc2[nH]cc(CC(C)N)c2c1
CHEMBL4215741,10000.0,CNc1ccccc1C1=N[C@@H](CO)[C@H](C)S1
CHEMBL118360,22.3,COc1ccc(C(=O)Nc2ccc(-c3ccncc3)cc2)cc1C#CCN(C)C
CHEMBL148022,0.32,NCCc1c[nH]c2ccc(OCc3cccc(COc4ccc5[nH]cc(CCN)c5c4)c3)cc12
CHEMBL29808,10000.0,C=Cc1ccc(N2CCN(Cc3c[nH]c4ncccc34)CC2)cc1
CHEMBL28607,10000.0,COc1ccc(N2CCN(Cc3c[nH]c4ncccc34)CC2)cc1
CHEMBL485491,2.512,Cc1ccc2c(N3CCN(CCc4ccc5c(c4)NC(=O)CO5)CC3)cc(F)cc2n1
CHEMBL498356,39.81,CC(=O)N(C)c1cccc(CC2CCN(CCOc3cccc4nc(C)ccc34)CC2)c1
CHEMBL448902,1.3,CN1CCC(c2c[nH]c3ccc(NC(=O)CCCCCCC(=O)Nc4ccc5[nH]cc(C6CCN(C)CC6)c5c4)cc23)CC1
CHEMBL4854605,10000.0,Clc1ccc(-c2n[nH]cc2N2CCCNCC2)cc1
CHEMBL4859827,10000.0,Clc1ccccc1-c1n[nH]cc1N1CCNCC1
CHEMBL97184,2.8,Cn1nncc1-c1ccc2c(c1)c(C1CCN(CCN3CCNC3=O)CC1)cn2-c1ccc(F)cc1
CHEMBL349903,110.0,O=S(=O)(c1ccc(Cl)cc1)N1CC=C(c2ccc3[nH]cc(CCN4CCCC4)c3c2)CC1
CHEMBL202780,7000.0,CC(C)(CCCN1CC[C@@H]2CCCC[C@H]2C1)S(=O)(=O)c1ccccc1
CHEMBL476839,4886.0,COc1c(OCCF)cccc1C(O)C1CCN(CCc2ccc(C)cc2)CC1
CHEMBL199175,1.995,Cc1cc(C(=O)N2CCc3cc4ccnc(N5CCN(C)CC5)c4cc32)c(C(F)(F)F)o1
CHEMBL198975,0.631,Cc1c(C(=O)N2CCc3cc4ccnc(N5CCN(C)CC5)c4cc32)cnn1-c1ccccc1
CHEMBL195927,9.68,COc1ccccc1N1CCC(C(=O)Nc2ccc(OC)c(N3CCN(C)CC3)c2)CC1
CHEMBL343196,2.5,NCCc1c[nH]c2ccc(OCCOc3ccc4[nH]cc(CCN)c4c3)cc12
CHEMBL81191,153.0,NC(=O)c1ccc2c(c1)CCOC2CCN1CC=C(c2cccc3ccccc23)CC1
CHEMBL441259,210.0,NC(=O)c1ccc2c(c1)CCOC2CCN1CC=C(c2[nH]nc3cc(F)ccc23)CC1
CHEMBL50492,5.5,CCc1ccc2[nH]cc(CCN(C)C)c2c1
CHEMBL2181168,10000.0,CCCN1CCC(COc2nc3c(I)cccc3c3ncccc23)CC1
CHEMBL71899,409.0,CCCN(CCC)C1CCc2ccc3[nH]cc(CC(F)(F)F)c3c2C1
CHEMBL318901,560.0,Cn1cnc(-c2ccc3c(c2)c(C2CCN(CCn4c(=O)[nH]c5ccccc5c4=O)CC2)cn3-c2ccc(F)cc2)n1
CHEMBL107511,7.8,CCc1ccc2[nH]cc(CCN)c2c1
CHEMBL143767,32.0,CN(C)CCc1c[nH]c2ccc(OS(=O)(=O)C(F)(F)F)cc12
CHEMBL329383,3981.07,COc1ccc(S(=O)(=O)Nc2cc(Br)cc(F)c2Br)cc1N1CCNCC1
CHEMBL525712,19.95,CC(=O)Nc1cccc(CC2CCN(CCOc3cccc4nc(C)ccc34)CC2)c1
CHEMBL452387,0.79,CN1CCC(c2c[nH]c3ccc(NC(=O)CCCCCCCCC(=O)Nc4ccc5[nH]cc(C6CCN(C)CC6)c5c4)cc23)CC1
CHEMBL162012,63.0,Cc1ccc(C(=O)NN2CC=C(c3ccc4[nH]cc(CCN5CCCC5)c4c3)CC2)cc1
CHEMBL435949,10000.0,COc1ccccc1N1CCN(Cc2c[nH]c3ncccc23)CC1
CHEMBL300686,118.0,Cc1ccc2[nH]cc(C[C@H]3CCCN3C)c2c1
CHEMBL136236,66.0,CCNCCOc1cccc2ccccc12
CHEMBL139103,94.0,CN(C)CCOc1cccc2ccccc12
CHEMBL370128,11.3,COc1ccc(NC(=O)N2CCN(c3ccccc3Cl)CC2)cc1N1CCN(C)CC1
CHEMBL73281,600.0,Cc1cc(C(C)(C)C)cc(C)c1CC(=N)N
CHEMBL239596,31.0,CC(C)N1CCN(C2CCc3ccc(OCc4noc(-c5ccc(Cl)cc5)n4)cc32)CC1
CHEMBL489195,0.631,Cc1ncc2c(N3CCN(CCc4ccc5c(c4)NC(=O)CO5)CC3)cccc2n1
CHEMBL489393,0.7943,CCN1C(=O)COc2ccc(CCN3CCN(c4cccc5nc(C)ccc45)CC3)cc21
CHEMBL29410,3981.07,COc1ccc(NS(=O)(=O)c2sc3ccc(Cl)cc3c2C)cc1N1CCN2CCCCC2C1
CHEMBL108337,342.0,COc1ccc2[nH]c3c(c2c1)CC(N)CC3
CHEMBL304984,49.0,C=CCN(CCC)C1CCc2ccc3[nH]cc(C=O)c3c2C1
CHEMBL322349,59.0,CCC(=O)Oc1ccc2[nH]cc(CCN(C)C)c2c1
CHEMBL326667,1.0,CCCCCCCCOc1ccc2[nH]cc(CCN)c2c1
CHEMBL110318,22.0,NCCc1c[nH]c2ccc(OCCCCC3CCCCC3)cc12
CHEMBL1258843,10000.0,C#CCOc1ccc(-c2nn3c(C)cc(C)nc3c2CC(=O)N(CC)CC)cc1
CHEMBL4572614,8800.0,Cc1ncc2nccn2c1-c1ccc(Oc2nccc3occc23)cc1C(F)(F)F
CHEMBL4466483,9900.0,FC(F)(F)c1cc(Oc2nccc3ccsc23)ccc1-c1cccc2nccn12
CHEMBL70606,4605.0,CCCN(Cc1ccccc1)C1CCc2ccc3[nH]ccc3c2C1
CHEMBL162724,82.0,O=C(NN1CC=C(c2ccc3[nH]cc(CCN4CCCC4)c3c2)CC1)c1ccc(Cl)cc1
CHEMBL198836,0.5,CN1CCc2c(sc3ncn(CCN4CCN(c5cccc6ccccc56)CC4)c(=O)c23)C1
CHEMBL200951,36.6,CN1CCc2c(sc3ncn(CCN4CCN(c5ccc6ccccc6n5)CC4)c(=O)c23)C1
CHEMBL198999,1.2,CN1CCc2c(sc3ncn(CCN4CCN(c5ccccc5OCc5ccccc5)CC4)c(=O)c23)C1
CHEMBL456459,63.1,Cc1ccc2c(OCCN3CCC(Cc4cccc(-c5ccccc5)c4)CC3)cccc2n1
CHEMBL459061,1.995,Cc1ccc2c(OCCN3CCC(Cc4cccc(N5CCCCC5)c4)CC3)cccc2n1
CHEMBL457765,125.89,Cc1ccc2c(OCCN3CCC(Cc4cccc(N5CCOCC5)c4)CC3)cccc2n1
CHEMBL602875,12.0,COc1cc2c(c(N3CCN(C)CC3)c1)O[C@@H](C(=O)Nc1ccc(N3CCOCC3)cc1)CC2
CHEMBL431041,270.0,CC(=O)Nc1ccc2[nH]cc(C3CCN(C)CC3)c2n1
CHEMBL103424,390.0,CC(=O)Nc1ccc2[nH]cc(C3CCN(C)CC3)c2c1
CHEMBL4572167,10000.0,CC[C@H]1c2ccccc2N(c2ccccc2)C[C@@]1(C)N
CHEMBL109360,63.0,CN(C)CCc1c[nH]c2ccc(OC(=O)C(C)(C)C)cc12
CHEMBL320079,1.0,CCCCCCCOc1ccc2[nH]cc(CCN)c2c1
CHEMBL450281,3735.0,Oc1cccc(CC2=NCCN2)c1
CHEMBL65196,349.0,CCCN(CCC)C1CCc2ccc3[nH]ccc3c2C1
CHEMBL1241639,7.943,Cc1ccc2c(N3CCN(CCc4cccc5c4OCc4nnnn4-5)CC3)cccc2n1
CHEMBL328187,36.0,Cn1cc(-c2ccc3c(c2)c(C2CCN(CCN4CCNC4=O)CC2)cn3-c2ccc(F)cc2)nn1
CHEMBL196140,5.012,CN1CCN(c2nccc3cc4c(cc23)N(C(=O)c2cnn(C)c2C(F)(F)F)CC4)CC1
CHEMBL2260934,911.6,CN1CCN([C@H](COc2cccc(Cl)c2Cl)c2ccccc2)CC1.O=C(O)C(=O)O
CHEMBL4558518,946.0,CC(C)(C)OC(=O)N1CCCC1CNC1CCC(c2cc(F)ccc2F)(S(=O)(=O)c2ccc(Cl)cc2)CC1
CHEMBL128699,1.4,Cc1cc(C)c(N2CCN(C(=O)COc3ccc4cccc(N5CCN(C)CC5)c4c3)CC2)c(C)c1
CHEMBL338015,0.44,COc1cccc(N2CCN(C(=O)COc3ccc4cccc(N5CCN(C)CC5)c4c3)CC2)c1OC
CHEMBL1788197,14.0,CCCN(CCCc1ccccc1)[C@@H]1CCc2ccc3[nH]cc(C=O)c3c2C1
CHEMBL321818,0.8,Cc1ccccc1N1CCN(C(=O)COc2ccc3[nH]cc(CCN)c3c2)CC1.O=C(O)/C=C/C(=O)O
CHEMBL71640,196.0,CCCN(CC1CC1)C1CCc2ccc3[nH]cc(C=O)c3c2C1
CHEMBL328048,5.9,Cn1nccc1-c1ccc2c(c1)c(C1CCN(CCN3CCNC3=O)CC1)cn2-c1ccc(F)cc1
CHEMBL361470,4435.0,Cc1cc(C(C)(C)C)cc(C)c1CC1=NCCCN1
CHEMBL351036,36.0,S=C(NN1CC=C(c2ccc3[nH]cc(CCN4CCCC4)c3c2)CC1)c1ccc(Cl)cc1
CHEMBL476838,10000.0,COc1c(OCCF)cccc1C(O)C1CCN(CCc2ccc([N+](=O)[O-])cc2)CC1
CHEMBL69943,224.0,CCCN(CCCCN1C(=O)CC(C)(C)CC1=O)C1CCc2ccc3[nH]ccc3c2C1
CHEMBL340786,0.3,Cc1ccccc1N1CCN(C(=O)COc2ccc3cccc(N4CCN(C)CC4)c3c2)CC1
CHEMBL321190,1.1,CCCCCCCCC(=O)Oc1ccc2[nH]cc(CCN(C)C)c2c1
CHEMBL146942,316.23,NCCCC1(CCCN)CCc2cccc(O)c2C1
CHEMBL28651,10000.0,CSc1ccc(N2CCN(Cc3c[nH]c4ncccc34)CC2)cc1
CHEMBL158941,0.64,CN(C)CCc1c[nH]c2ccc(CS(=O)(=O)N(C)Cc3ccc(CN(C)S(=O)(=O)Cc4ccc5[nH]cc(CCN(C)C)c5c4)cc3)cc12
CHEMBL97158,1995.26,Cc1c(S(=O)(=O)Nc2ccc3nccc(N4CCNCC4)c3c2)sc2ccc(Cl)cc12
CHEMBL1242257,1.995,Cc1ccc2c(N3CCN(CCc4cccc5c4OCc4c(C(=O)NC6CCCC6)ncn4-5)CC3)cccc2n1
CHEMBL143512,18.0,NCCc1c[nH]c2ccc(OS(=O)(=O)C(F)(F)F)cc12
CHEMBL70882,1654.0,CCCN(CCC)C1CCc2cc(F)c3c(ccn3C)c2C1
CHEMBL195497,3.162,COc1cc2c(cc1N1C[C@@H](C)N(C)[C@@H](C)C1)N(C(=O)c1ccc(-c3cccc(C)n3)c3ccccc13)CC2
CHEMBL195897,50.12,COc1cc2c(cc1N1C[C@@H](C)N[C@@H](C)C1)N(C(=O)c1ccc(-c3cccc(C)n3)c3ccccc13)CC2
CHEMBL196666,3.162,COc1cc2c(cc1N1C[C@@H](C)N[C@@H](C)C1)N(C(=O)c1ccc(-c3ccc(-c4noc(C)n4)cc3C)cc1)CC2
CHEMBL500230,38.0,O=C(Nc1ccc2[nH]cc(C3CCN(CCCCCCCCCCN4CCC(c5c[nH]c6ccc(NC(=O)c7ccc(F)cc7)cc56)CC4)CC3)c2c1)c1ccc(F)cc1
CHEMBL505750,126.0,O=C(Nc1ccc2[nH]cc(C3CCN(CCCCCCCCCN4CCC(c5c[nH]c6ccc(NC(=O)c7ccc(F)cc7)cc56)CC4)CC3)c2c1)c1ccc(F)cc1
CHEMBL519492,1000.0,O=C(Nc1ccc2[nH]cc(C3CCN(Cc4ccccc4)CC3)c2c1)c1ccc(F)cc1
CHEMBL374973,0.1,CN1CCC(c2c[nH]c3ccc(NC(=O)CCCCCCCCCCCC(=O)Nc4ccc5[nH]cc(C6CCN(C)CC6)c5c4)cc23)CC1
CHEMBL380511,7000.0,CC(C)(CCCN1CCCC(C(F)(F)F)C1)S(=O)(=O)c1ccccc1
CHEMBL3931889,830.0,COc1ccccc1-c1cc(CN(C)C)ccc1Cl
CHEMBL5083607,12.0,COc1ccccc1-c1cc(C2CCN(C)C2)ccc1Cl
CHEMBL495217,39.81,COc1ccc(CC2CCN(CCOc3cccc4nc(C)ccc34)CC2)cc1NS(C)(=O)=O
CHEMBL483498,1000.0,O=C(Nc1ccc2[nH]cc(C3CCN(CCO)CC3)c2c1)c1ccc(F)cc1
CHEMBL502138,0.5,CN1CCC(c2c[nH]c3ccc(NC(=O)CCCCCCCCCCCCC(=O)Nc4ccc5[nH]cc(C6CCN(C)CC6)c5c4)cc23)CC1
CHEMBL506942,50.12,CC(=O)N(C)c1cccc(CN2CCN(CCOc3cccc4nc(C)ccc34)CC2)c1
CHEMBL494992,158.49,COc1cccc(CN2CCN(CCOc3cccc4nc(C)ccc34)CC2)c1
CHEMBL495046,12.59,Cc1ccc2c(OCCN3CCC(Cc4cccc(N(C)S(C)(=O)=O)c4)CC3)cccc2n1
CHEMBL158941,0.64,CN(C)CCc1c[nH]c2ccc(CS(=O)(=O)N(C)Cc3ccc(CN(C)S(=O)(=O)Cc4ccc5[nH]cc(CCN(C)C)c5c4)cc3)cc12
CHEMBL523095,31.62,O=C1COc2ccc(CCN3CCN(c4cccc5cccnc45)CC3)cc2N1
CHEMBL485395,50.12,Cc1ccc2c(N3CCN(CCCc4ccc5c(c4)NC(=O)CO5)CC3)cccc2n1
CHEMBL183460,10.0,Cc1ccc2c(OCCN3CCC(Cc4ccc5c(c4)NC(=O)CO5)CC3)cccc2n1
CHEMBL484205,10000.0,Cc1ccc2c(N3CCN(Cc4ccc5c(c4)NC(=O)CO5)CC3)cccc2n1
CHEMBL485630,630.96,Cc1ccc2c(OCC3CCN(CC(=O)c4ccc5c(c4)NC(=O)CO5)CC3)cccc2n1
CHEMBL513955,158.49,Cc1ccc2c(OCCN3CCC(Cc4cccc(N5C[C@@H](C)O[C@@H](C)C5)c4)CC3)cccc2n1
CHEMBL462915,79.43,Cc1ccc2c(OCCN3CCC(Cc4cccc(C5CCN(S(C)(=O)=O)CC5)c4)CC3)cccc2n1
CHEMBL2260926,4197.0,CNC(C)COc1ccc(Cl)cc1Cl.O=C(O)C(=O)O
CHEMBL2260921,2748.0,CNCCOc1ccc(Cl)cc1Cl.O=C(O)C(=O)O
CHEMBL469567,5.012,Cc1ccc2c(N3CCN(CCc4cccc5c4OCC(=O)N5C(C)C)CC3)cccc2n1
CHEMBL4876036,10000.0,COc1ccccc1-c1n[nH]cc1N1CCNCC1
CHEMBL448555,18.0,O=C(Nc1ccc2[nH]cc(C3CCN(CCOCCOCCN4CCC(c5c[nH]c6ccc(NC(=O)c7ccc(F)cc7)cc56)CC4)CC3)c2c1)c1ccc(F)cc1
CHEMBL197796,16.7,COc1ccc(NC(=O)N2CCN(c3ccc(SC)cc3)CC2)cc1N1CCN(C)CC1
CHEMBL325359,0.5,COc1ccc(NC(=O)N2CCN(c3cccc4c3CCCC4)CC2)cc1N1CCN(C)CC1.O=C(O)/C=C/C(=O)O
CHEMBL113950,1.5,Cc1ccc(/N=C(\S)N2CC=C(c3ccc4[nH]cc(C[C@H]5CCCN5C)c4c3)CC2)cc1
CHEMBL517170,1.995,Cc1ccc2c(OCCN3CCC(Cc4cccc(N5CCN[C@H](C)C5)c4)CC3)cccc2n1
CHEMBL457982,31.62,Cc1ccc2c(OCCN3CCC(Cc4cccc(N5C[C@@H](C)NC[C@@H]5C)c4)CC3)cccc2n1
CHEMBL516997,12.59,Cc1ccc2c(OCCN3CCC(Cc4cccc(-c5cccnc5)c4)CC3)cccc2n1
CHEMBL105722,1000.0,CN1CCC(c2c[nH]c3ccc(NC(=O)c4ccccn4)nc23)CC1
CHEMBL147077,2645.0,CNC(=O)C1=C(C)NC(C)=C(C(=O)NCCCN2CCC(C(=O)OC)(c3ccccc3)CC2)C1c1ccc([N+](=O)[O-])cc1
CHEMBL105743,820.0,CN1CCC(c2c[nH]c3ccc(NC(=O)c4ccccc4)nc23)CC1
CHEMBL28833,10000.0,CCCc1ccc(N2CCN(Cc3c[nH]c4ncccc34)CC2)cc1
CHEMBL3104091,1363.0,CN1CCc2c(c3cccc4c3n2-c2ccccc2CC4)C1
CHEMBL70710,142.0,CCCN(CCC)[C@@H]1CCc2cc(F)c3[nH]ccc3c2C1
CHEMBL1632216,3.981,COc1ccc(C(=O)Nc2cccc(CCN3CCN(c4cccc5nc(C)ccc45)CC3)c2)cc1
CHEMBL70589,38.0,CCCN(CCC)C1CCc2ccc3[nH]cc(C#N)c3c2C1
CHEMBL302263,279.0,CCCN(CCC)C1CCc2ccc3[nH]cc(C(=O)C(F)(F)F)c3c2C1
CHEMBL213987,3162.28,COc1ccc(N2CC=C(c3ccc(Cl)c(Cl)c3)C2=O)cc1OCCN1CCCCC1
CHEMBL2205825,10000.0,COc1ccc(CN2C3C4C5CC6C7C5C3C7C2(O)C64)cc1
CHEMBL318105,800.0,CN1CCC(c2c[nH]c3ccc(N)nc23)CC1
CHEMBL15928,4.31,COc1ccc(NC(=O)c2ccc(-c3ccc(-c4noc(C)n4)cc3C)cc2)cc1N1CCN(C)CC1
CHEMBL4212246,10000.0,CCCCOc1ccc(C2=N[C@@H](CO)[C@H](C)S2)cc1
CHEMBL4216337,10000.0,O=Cc1csc(-c2ccccc2O)n1
CHEMBL308347,26.0,CCCN(CCC)[C@@H]1CCc2ccc3[nH]cc(C#N)c3c2C1
CHEMBL399704,1995.26,COc1cc2c(cc1N1C[C@@H](C)N(C)[C@@H](C)C1)N(S(=O)(=O)c1cccc(Br)c1)CC2
CHEMBL4877603,3915.0,Clc1cccc(-c2n[nH]cc2N2CCCNCC2)c1
CHEMBL4862745,10000.0,c1ccc(-c2n[nH]cc2N2CCNCC2)cc1
CHEMBL4858338,10000.0,Clc1ccc(-c2n[nH]cc2N2CCNCC2)cc1
CHEMBL1632207,1.259,CCC(=O)Nc1cccc(CCN2CCN(c3cccc4nc(C)ccc34)CC2)c1
CHEMBL1631536,3.981,Cc1ccc2c(N3CCN(CCc4cccc(NC(=O)Nc5cccc(F)c5)c4)CC3)cccc2n1
CHEMBL1632213,5.012,Cc1ccc2c(N3CCN(CCc4cccc(NC(=O)c5ccc(F)cc5)c4)CC3)cccc2n1
CHEMBL1631534,7.943,Cc1ccc2c(N3CCN(CCc4cccc(N)c4)CC3)cccc2n1
CHEMBL70431,552.0,CCCN(CCC)C1CCc2ccc3[nH]cc(C(=O)C(N)=O)c3c2C1
CHEMBL352181,68.0,S=C(NN1CC=C(c2ccc3[nH]cc(CCN4CCCC4)c3c2)CC1)c1ccccc1
CHEMBL1241913,0.7943,Cc1ccc2c(N3CCN(CCc4cccc5c4OCc4c(C(N)=O)ncn4-5)CC3)cccc2n1
CHEMBL159278,58.0,COc1ccc(C(=S)NN2CC=C(c3ccc4[nH]cc(CCN5CCCC5)c4c3)CC2)cc1
CHEMBL3093186,10000.0,Fc1cccc2c1nc(OCC1CCN(CCC(F)(F)F)CC1)c1cccnc12
CHEMBL426285,1.585,CCc1c(C(=O)N2CCc3cc4ccnc(N5CCN(CC)CC5)c4cc32)cnn1-c1ccc(C#N)cc1
CHEMBL495895,19.95,Cc1ccc2c(OCCN3CCC(Cc4cccc(N5CCCC5=O)c4)CC3)cccc2n1
CHEMBL451394,453.0,O=C(Nc1ccc2[nH]cc(C3CCN(Cc4cccc(CN5CCC(c6c[nH]c7ccc(NC(=O)c8ccc(F)cc8)cc67)CC5)c4)CC3)c2c1)c1ccc(F)cc1
CHEMBL483497,1000.0,CCCCCCCCN1CCC(c2c[nH]c3ccc(NC(=O)c4ccc(F)cc4)cc23)CC1
CHEMBL31217,0.76,CN1CCN(c2cccc3ccc(OCCOc4ccc5[nH]cc(CCN)c5c4)cc23)CC1
CHEMBL472290,3.981,CCN1C(=O)COc2c(CCN3CCN(c4cccc5nc(C)ccc45)CC3)cccc21
CHEMBL248230,31.62,Cc1ccc2c(OCCN3CCN(Cc4ccc5c(c4)N(CC(C)C)C(=O)CO5)CC3)cccc2n1
CHEMBL426317,228.0,COc1cccc(N2CCN(CCCCn3ncc(=O)n(C)c3=O)CC2)c1
CHEMBL316081,501.19,Cc1c(S(=O)(=O)Nc2ccc3nccc(N4CCN(C)CC4)c3c2)sc2ccc(Cl)cc12
CHEMBL321562,750.0,COc1ccccc1C(=O)Nc1ccc2[nH]cc(C3CCN(C)CC3)c2n1
CHEMBL1788198,119.0,CCCN(CCCCN1C(=O)CC(C)(C)CC1=O)[C@@H]1CCc2ccc3[nH]cc(C=O)c3c2C1
CHEMBL413105,270.0,CN(C)C1CCc2ccc3[nH]ccc3c2C1
CHEMBL442,3.1,CN1C[C@H](C(=O)N[C@]2(C)O[C@@]3(O)[C@@H]4CCCN4C(=O)[C@H](Cc4ccccc4)N3C2=O)C=C2c3cccc4[nH]cc(c34)C[C@H]21
CHEMBL224399,3.5,COc1cc(N2CCN(C)CC2)c2[nH]c(C(=O)Nc3ccc(N4CCOCC4)cc3)cc(=O)c2c1
CHEMBL125745,6.5,NCCc1cccc2c1ccn2S(=O)(=O)c1ccccc1
CHEMBL140358,10000.0,CC(C)NCCCOc1cccc2[nH]ccc12
CHEMBL1289163,31.62,Cc1ccc2c(N3CCN(CCc4c(F)ccc5c4ccc(=O)n5C)CC3)cccc2n1
CHEMBL3899832,3580000.0,CC(=O)c1ccc(OCc2ccc(Oc3cc(-c4nn[nH]n4)ccn3)cc2)c(C)c1O
CHEMBL313424,480.0,Cn1cnc(-c2ccc3c(c2)c(C2CCN(CCN4CCOC4=O)CC2)cn3-c2ccc(F)cc2)n1
CHEMBL1631535,0.7943,Cc1ccc2c(N3CCN(CCc4cccc(NS(C)(=O)=O)c4)CC3)cccc2n1
CHEMBL1632209,1.995,Cc1ccc2c(N3CCN(CCc4cccc(NC(=O)C(C)(C)C)c4)CC3)cccc2n1
CHEMBL1632218,3.162,Cc1ccc2c(N3CCN(CCc4cccc(NC(=O)c5csc(C)n5)c4)CC3)cccc2n1
CHEMBL3752576,10000.0,C=CCN(CC=C)CCc1c[nH]c2ccccc12
CHEMBL458220,588.84,Cc1c(Cn2ncc(N3CCNCC3)c(Cl)c2=O)cccc1NC(=O)c1ccc(-c2ccccc2)cc1
CHEMBL1642866,5000.0,Cl.O=C(Nc1ccc2[nH]nc(S(=O)(=O)c3cccc4ccccc34)c2c1)C1CCNCC1
CHEMBL348756,38.0,S=C(NN1CC=C(c2ccc3[nH]cc(CCN4CCCC4)c3c2)CC1)C1CCCCC1
CHEMBL4215875,10000.0,Cc1ccc(-c2noc3c2CCNCC3)cc1
CHEMBL188486,630.96,CN(C)CCN(Cc1ccc(-c2ccc(CNCCc3ccccc3)cc2)cc1)C(=O)/C=C/c1ccccc1.O=C(O)C(F)(F)F
CHEMBL361729,1862.0,Cc1cc(C(C)(C)C)cc(C)c1CC1=NCCN1Cc1ccccc1
CHEMBL361303,260.0,CN1CCC(n2ccc3ccc(NC(=O)c4ccc(F)cc4)cc32)CC1
CHEMBL1774991,121.0,COc1ccccc1N1CCN(CCN(C(=O)C23C4C5C2C2C3C4C52I)c2ccccn2)CC1
CHEMBL482562,2000.0,O=C(Nc1ccc2cnn(S(=O)(=O)c3cccc4ccccc34)c2c1)C1CCNCC1
CHEMBL459067,6.31,Cc1ccc2c(OCCN3CCC(Cc4cccc(C5CCNCC5)c4)CC3)cccc2n1
CHEMBL4169689,2438.0,CCOC(=O)CCN1CCN(c2ccc3c(c2)CN(C(=O)OCc2ccccc2)CC3)CC1
CHEMBL4447975,10000.0,COc1cc(OC)c2c(c1)OC[C@@]1(C)NCC[C@@H]21
CHEMBL246599,31.62,CCCN1C(=O)COc2ccc(CN3CCN(CCOc4cccc5nc(C)ccc45)CC3)cc21
CHEMBL248458,25.12,CCN1C(=O)COc2ccc(CN3CCN(CCOc4cccc5nc(C)ccc45)CC3)cc21
CHEMBL3753318,1348.96,C=CCN(CC=C)CCc1c[nH]c2ccc(C)cc12
CHEMBL1642889,5000.0,Cl.O=S(=O)(c1ccc2ccccc2c1)c1n[nH]c2ccc(NC3CCNCC3)cc12
CHEMBL196598,28.4,COc1ccc(NC(=O)N2CCN(c3ccc(C(F)(F)F)cc3)CC2)cc1N1CCN(C)CC1
CHEMBL4210782,10000.0,Cc1ccc(-c2n[nH]c3c2CCNCC3)cc1
CHEMBL4457754,10000.0,C[C@@]12CN(c3ccccc3)c3ccccc3[C@@H]1CCN2
CHEMBL392770,1490.0,OCC1(N2CCN(C3CCc4ccc(OCc5noc(-c6ccc(Cl)cc6)n5)cc43)CC2)CCCC1
CHEMBL239598,414.0,CC1CC(N2CCN(C3CCc4ccc(OCc5noc(-c6ccc(Cl)cc6)n5)cc43)CC2)CC1C
CHEMBL1651094,10000.0,C[C@@H]1SC(c2ccccc2O)=N[C@H]1[C@H]1SC[C@](C)(C(=O)O)N1C
CHEMBL191605,79.43,Cc1ccc2c(OCCN3CCN(Cc4ccc(C)c([N+](=O)[O-])c4)CC3)cccc2n1
CHEMBL191619,10000.0,Cc1ccc2c(OCCN3CCN(Cc4c(Cl)cccc4Cl)CC3)cccc2n1
CHEMBL1642865,5000.0,Cl.NCCC(=O)Nc1ccc2[nH]nc(S(=O)(=O)c3cccc4ccccc34)c2c1
CHEMBL444398,0.3981,Cc1cc2c(N3CCN(CCc4ccc5c(c4)NC(=O)CO5)CC3)cccc2[nH]1
CHEMBL521506,0.5012,Cc1ccc2c(N3CCN(CCc4ccc5c(c4)NC(=O)CO5)CC3)cc(Cl)cc2n1
CHEMBL497980,0.5012,Cc1ccc2c(N3CCN(CCc4ccc5c(c4)NC(=O)CO5)CC3)ccc(Cl)c2n1
CHEMBL458002,776.25,Cc1ccc(Cn2ncc(N3CCNCC3)c(Cl)c2=O)cc1NC(=O)c1ccc(-c2ccccc2)cc1
CHEMBL485427,25.12,Cc1ccc2c(OC3CCN(CCc4ccc5c(c4)NC(=O)CO5)CC3)cccc2n1
CHEMBL365810,398.11,Cc1ccc2c(OCCN3CCN(Cc4ccc(O)c([N+](=O)[O-])c4)CC3)cccc2n1
CHEMBL192536,251.19,Cc1ccc2c(OCCN3CCN(Cc4ccc(F)c([N+](=O)[O-])c4)CC3)cccc2n1
CHEMBL364495,199.53,Cc1ccc2c(OCCN3CCN(Cc4ccc(Cl)c([N+](=O)[O-])c4)CC3)cccc2n1
CHEMBL425190,199.53,Cc1ccc2c(OCCN3CCN(Cc4cccc5cccnc45)CC3)cccc2n1
CHEMBL328940,67.0,Cn1ncc(-c2ccc3c(c2)c(C2CCN(CCN4CCNC4=O)CC2)cn3-c2ccc(F)cc2)n1
CHEMBL95175,360.0,O=C1OCCN1CCN1CCC(c2cn(-c3ccc(F)cc3)c3ccc(-c4ncccn4)cc23)CC1
CHEMBL330171,208.0,CCn1ncc(-c2ccc3c(c2)c(C2CCN(CCN4CCNC4=O)CC2)cn3-c2ccc(F)cc2)n1
CHEMBL1631533,1.0,Cc1ccc2c(N3CCN(CCc4cccc(NC(=O)Nc5ccccc5F)c4)CC3)cccc2n1
CHEMBL1632219,1.995,Cc1ccc2c(N3CCN(CCc4cccc(NC(=O)c5scnc5C)c4)CC3)cccc2n1
CHEMBL1632210,2.512,Cc1ccc2c(N3CCN(CCc4cccc(NC(=O)c5ccccc5)c4)CC3)cccc2n1
CHEMBL4207355,10000.0,CCCCCCOc1ccc(C2=N[C@@H](CO)[C@H](C)S2)cc1
CHEMBL1651092,10000.0,NC(=O)C1CSC(c2ccccc2O)=N1
CHEMBL4207302,10.0,C[C@@H]1SC(c2ccccc2O)=N[C@H]1CO
CHEMBL365405,2400.0,CN1CCC(n2ncc3ccc(NC(=O)c4ccc(F)cc4)cc32)CC1
CHEMBL97596,630.96,O=S(=O)(Nc1ccc2nccc(N3CCNCC3)c2c1)c1ccc2c(Cl)cccc2c1
CHEMBL191980,1995.26,Cc1ccc2c(OCCN3CCN(Cc4ccc(Cl)c(Cl)c4)CC3)cccc2n1
CHEMBL2113061,158.49,Cc1ccc2c(OCCN3CCN(Cc4ccc5[nH]ccc5c4)CC3)cccc2n1
CHEMBL148314,1.7,NCCc1c[nH]c2ccc(OCc3ccccc3COc3ccc4[nH]cc(CCN)c4c3)cc12
CHEMBL143767,28.0,CN(C)CCc1c[nH]c2ccc(OS(=O)(=O)C(F)(F)F)cc12
CHEMBL199088,0.2512,CN1CCN(c2nccc3cc4c(cc23)N(C(=O)c2ccc(C(F)(F)F)nc2)CC4)CC1
CHEMBL372743,1.0,CCc1c(C(=O)N2CCc3cc4ccnc(N5CCN(C)CC5)c4cc32)cnn1-c1ccc(C#N)cc1
CHEMBL98299,6.5,Cn1ncnc1-c1ccc2c(c1)c(C1CCN(CCN3CCNC3=O)CC1)cn2-c1ccc(F)cc1
CHEMBL163639,440.0,O=S(=O)(c1ccccc1)N1CC=C(c2ccc3[nH]cc(CCN4CCCC4)c3c2)CC1
CHEMBL1241736,1.0,CC(=O)c1ncn2c1COc1c(CCN3CCN(c4cccc5nc(C)ccc45)CC3)cccc1-2
CHEMBL241503,2.512,Cc1ccc2c(OCCN3CCC(Cc4ccc5c(c4F)NC(=O)CO5)CC3)cccc2n1
CHEMBL4216246,10000.0,CCCCCCCCOc1ccc(C2=N[C@@H](CO)[C@H](C)S2)cc1
CHEMBL1651090,10000.0,OC[C@@H]1CSC(c2ccccc2O)=N1
CHEMBL3326993,7.0,COc1ccccc1N1CCN(CCCCCC(=O)NCc2ccccc2-c2ccccc2Cl)CC1
CHEMBL116448,1000.0,CC1CCN(CC[C@H]2CCCN2S(=O)(=O)c2cccc(Br)c2)CC1
CHEMBL4207884,10000.0,Clc1ccc(-c2n[nH]c3c2CCNCC3)cc1
CHEMBL3763779,3744.0,COc1ccccc1N1CCN(CCCCC(=O)n2c3ccccc3c3ccccc32)CC1.Cl
CHEMBL83617,203.0,NC(=O)c1ccc2c(c1)CCOC2CCN1CC=C(c2c[nH]c3cc(F)ccc23)CC1
CHEMBL233210,21.0,C[C@H]1CN(c2cccc3cc(C#N)ccc23)CCN1CC[C@@H]1OCCc2cc(C(N)=O)ccc21
CHEMBL248229,31.62,CCCCN1C(=O)COc2ccc(CN3CCN(CCOc4cccc5nc(C)ccc45)CC3)cc21
CHEMBL247609,1.585,Cc1ccc2c(OCCN3CCN(Cc4ccc5c(c4F)N(C)C(=O)CO5)CC3)cccc2n1
CHEMBL200950,5.4,COc1ccc2ccccc2c1N1CCN(CCn2cnc3sc4c(c3c2=O)CCN(C)C4)CC1
CHEMBL196961,116.4,COc1ccc(-c2ccccc2)cc1N1CCN(CCn2cnc3sc4c(c3c2=O)CCN(C)C4)CC1
CHEMBL3754496,1778.28,C=CCN(CC=C)CCc1c[nH]c2ccc(F)cc12
CHEMBL312525,227.0,CCCNC1CCc2ccc3[nH]cc(C=O)c3c2C1
CHEMBL303921,187.0,CCCN(CCCOc1cccc(Cl)c1)C1CCc2ccc3[nH]cc(C=O)c3c2C1
CHEMBL158627,5011.87,CS(=O)(=O)Oc1ccc2c(c1)CN(CC[C@H]1CC[C@H](NC(=O)/C=C/c3ccc(F)cc3)CC1)C2
CHEMBL115415,610.0,CN(C)CCc1c[nH]c2ccc(C3=CCN(C)CC3)cc12
CHEMBL431866,4.2,COc1ccc(NC(=O)N2CC=C(c3ccc4[nH]cc(C[C@H]5CCCN5C)c4c3)CC2)cc1
CHEMBL4282117,7596.0,O=C(NCCc1c[nH]c2ccccc12)C1CCN(C(=O)c2ccccc2)CC1
CHEMBL519010,316.23,Cc1ccc2c(OCCCN3CC(COc4ccc5c(c4)NC(=O)CO5)C3)cccc2n1
CHEMBL484742,2511.89,Cc1ccc2c(OC3CCN(Cc4ccc5c(c4)NC(=O)CO5)CC3)cccc2n1
CHEMBL513875,1.995,Cc1ccc2c(N3CCN(CCc4cccc5c4OCC(=O)N5C)[C@H](C)C3)cc(F)cc2n1
CHEMBL4277264,9300.0,Cc1cc(Oc2nccc3occc23)ccc1-c1c(C)ncc2nccn12
CHEMBL391661,1995.26,Cc1ccc2c(OCCN3CCC(Cc4cc5c(cc4F)OCC(=O)N5)CC3)cc(Cl)cc2n1
CHEMBL458199,6.31,Cc1ccc2c(OCCN3CCC(Cc4cccc(N5CCN(C)CC5)c4)CC3)cccc2n1
CHEMBL456684,39.81,Cc1ccc2c(OCCN3CCC(Cc4cccc(N5CCCC5)c4)CC3)cccc2n1
CHEMBL382078,1.995,CCc1c(C(=O)N2CCc3cc4ccnc(N5CCN6CCC[C@H]6C5)c4cc32)cnn1-c1ccc(C#N)cc1
CHEMBL380812,1.0,CN1CCN(c2nccc3cc4c(cc23)N(C(=O)c2cnn3ccccc23)CC4)CC1
CHEMBL1241912,1.259,CNC(=O)c1ncn2c1COc1c(CCN3CCN(c4cccc5nc(C)ccc45)CC3)cccc1-2
CHEMBL505954,10000.0,O=C(Nc1ccc2[nH]cc(C3CCN(CCCN4CCC(c5c[nH]c6ccc(NC(=O)c7ccc(F)cc7)cc56)CC4)CC3)c2c1)c1ccc(F)cc1
CHEMBL500737,100.0,O=C(Nc1ccc2[nH]cc(C3CCN(CCCCCCN4CCC(c5c[nH]c6ccc(NC(=O)c7ccc(F)cc7)cc56)CC4)CC3)c2c1)c1ccc(F)cc1
CHEMBL450852,103.0,O=C(Nc1ccc2[nH]cc(C3CCN(C/C=C/CN4CCC(c5c[nH]c6ccc(NC(=O)c7ccc(F)cc7)cc56)CC4)CC3)c2c1)c1ccc(F)cc1
CHEMBL487313,1000.0,O=C(O)CCCCCCCCCN1CCC(c2c[nH]c3ccc(NC(=O)c4ccc(F)cc4)cc23)CC1
CHEMBL500488,0.81,CN1CCC(c2c[nH]c3ccc(NC(=O)CCCCCCCCCCCCCCC(=O)Nc4ccc5[nH]cc(C6CCN(C)CC6)c5c4)cc23)CC1
CHEMBL144030,0.1,NCCc1c[nH]c2ccc(OCc3ccc(COc4ccc5[nH]cc(CCN)c5c4)cc3)cc12
CHEMBL496098,6.31,Cc1ccc2c(OCCN3CCC(Cc4cccc(NC(=O)CN(C)C)c4)CC3)cccc2n1
CHEMBL329280,45.0,Cn1cc(-c2ccc3c(c2)c(C2CCN(CCN4CCNC4=O)CC2)cn3-c2ccc(F)cc2)cn1
CHEMBL97242,220.0,Cn1nnc(-c2ccc3c(c2)c(C2CCN(CCN4CCOC4=O)CC2)cn3-c2ccc(F)cc2)n1
CHEMBL405355,365.64,COC(=O)C1=C(C)NC(C)=C(C(=O)OCCCN2CCC(c3ccccc3)(c3ccccc3)CC2)[C@H]1c1cccc([N+](=O)[O-])c1
CHEMBL2424668,700.0,Cl.O=C(Cc1ccc(OC2CCNCC2)cc1OCCF)N1CCC(N2C(=O)CCc3ccccc32)CC1
CHEMBL138683,200.0,CCCNCCOc1cccc2ccccc12
CHEMBL199049,1.4,COc1ccccc1N1CCN(CCn2cnc3sc4c(c3c2=O)CCN(C)C4)CC1
CHEMBL442,3.02,CN1C[C@H](C(=O)N[C@]2(C)O[C@@]3(O)[C@@H]4CCCN4C(=O)[C@H](Cc4ccccc4)N3C2=O)C=C2c3cccc4[nH]cc(c34)C[C@H]21
CHEMBL97422,31.0,O=C1NCCN1CCN1CCC(c2cn(-c3ccc(F)cc3)c3ccc(-c4c[nH]nn4)cc23)CC1
CHEMBL1242081,0.5012,Cc1ccc2c(N3CCN(CCc4cccc5c4OCc4c(C(=O)NC6CC6)ncn4-5)CC3)cccc2n1
CHEMBL1258722,10000.0,CCCOc1ccc(-c2nn3c(C)cc(C)nc3c2CC(=O)N(CC)CC)cc1
CHEMBL1287827,398.11,Cc1ccc2c(N3CCN(CCc4cccc5c4ccc(=O)n5C)[C@@H](C)C3)cccc2n1
CHEMBL469995,6.31,Cc1ccc2c(N3CCN(CCc4cccc5c4OCC(=O)N5CC4CC4)CC3)cccc2n1
CHEMBL511815,2.512,Cc1ccc2c(N3CCN(CCc4cccc5c4OCC(=O)N5C)[C@H](C)C3)cccc2n1
CHEMBL1632222,3.981,Cc1ccc2c(N3CCN(CCc4cccc(NC(=O)NC(C)(C)C)c4)CC3)cccc2n1
CHEMBL1631543,31.62,Cc1ccc2c(N3CCN(CCc4cccc(N5CCCOC5=O)c4)CC3)cccc2n1
CHEMBL5404195,5400.0,O=C(O)c1cc(-c2ccc(C3(O)C[C@H]4CNC[C@@H]4C3)cc2)c2ccc(-c3ccc(C(F)(F)F)cc3)cc2c1
CHEMBL489408,10000.0,COc1ccc(CCN2CCC(C(=O)c3cccc(OCCF)c3OC)CC2)cc1
CHEMBL516088,2174.0,COc1c(OCCF)cccc1C(=O)C1CCN(CCc2ccc(F)cc2)CC1
CHEMBL295234,10000.0,CC1=NCCc2c1[nH]c1ccccc21
CHEMBL349675,140.0,COc1ccc(S(=O)(=O)N2CC=C(c3ccc4[nH]cc(CCN5CCCC5)c4c3)CC2)cc1
CHEMBL49048,1625.0,CCc1ccc2[nH]cc(CCN3CCCC3)c2c1
CHEMBL317535,910.0,CCOC(=O)c1[nH]c2ccccc2c1CCN(C)C
CHEMBL307786,939.0,CCCN(CCC)[C@H]1CCc2ccc3[nH]cc(C=O)c3c2C1
CHEMBL163151,40.0,O=C(NN1CC=C(c2ccc3[nH]cc(CCN4CCCC4)c3c2)CC1)c1ccccc1
CHEMBL105261,720.0,CCC(=O)Nc1ccc2[nH]cc(C3CCN(C)CC3)c2n1
CHEMBL2112317,1617.0,CCCN(CCCCN1C(=O)CC(C)(C)CC1=O)[C@H]1CCc2ccc3[nH]cc(C=O)c3c2C1.O
CHEMBL143967,88.0,CCCN(CCC)CCc1c[nH]c2ccc(OS(=O)(=O)C(F)(F)F)cc12
CHEMBL3771331,10000.0,CCNC(=O)c1cccc(NC2=NC(N)=NC3(CCCCC3)N2)c1
CHEMBL97650,4.2,O=C1NCCN1CCN1CCC(c2cn(-c3ccc(F)cc3)c3ccc(-c4cncnc4)cc23)CC1
CHEMBL69562,789.0,CCCN(CCC)C1CCc2ccc3[nH]cc(C)c3c2C1
CHEMBL371221,0.5,CN1CCc2c(sc3ncn(CCN4CCN(c5nccc6ccccc56)CC4)c(=O)c23)C1
CHEMBL2113386,9.3,O=S(=O)(Cc1ccccc1I)Nc1ccc2[nH]cc(C[C@H]3CCCN3)c2c1
CHEMBL195651,3.162,COc1cc2c(cc1N1C[C@@H](C)N(C)[C@@H](C)C1)N(C(=O)Cc1cccc(F)c1C(F)(F)F)CC2
CHEMBL393539,398.11,Cc1ccc2c(OCCN3CCC(Cc4ccc5c(c4F)NC(=O)CO5)CC3)cc(F)cc2n1
CHEMBL4218679,10000.0,C[C@@H]1SC(c2ccsc2)=N[C@H]1CO
CHEMBL327527,68.0,Cn1cnc(-c2ccc3c(c2)c(C2CCN(CCN4CCNC4=O)CC2)cn3-c2ccc(F)cc2)n1
CHEMBL144128,0.26,NCCc1c[nH]c2ccc(OCCN3CCN(CCOc4ccc5[nH]cc(CCN)c5c4)CC3)cc12
CHEMBL71395,587.0,CCCN(CCC)C1CCc2ccc3[nH]cc(C(C)=O)c3c2C1
CHEMBL458001,524.81,O=C(Nc1cccc(Cn2ncc(N3CCNCC3)c(Cl)c2=O)c1)c1ccc(-c2ccccc2)cc1
CHEMBL490632,3359.0,COc1c(OCCF)cccc1C(=O)C1CCN(CCc2ccc(C)cc2)CC1
CHEMBL3770106,10000.0,CCOC(=O)c1cccc(NC2=NC(N)=NC3(CCCCC3)N2)c1
CHEMBL303339,228.0,CN(C)[C@@H]1CCc2ccc3[nH]ccc3c2C1
CHEMBL4206418,10000.0,C[C@@H]1SC(c2ccccc2)=N[C@H]1CO
CHEMBL422192,760.0,C1=C(c2ccc3[nH]cc(CCN4CCCC4)c3c2)CCNC1
CHEMBL71474,121.0,CCCN(CCC)C1CCc2cc(F)c3[nH]cc(C#N)c3c2C1
CHEMBL191460,316.23,CN(C)CCN(Cc1ccc(-c2ccc(CNCCc3ccccc3)cc2)cc1)C(=O)CCC1CCCC1.O=C(O)C(F)(F)F.O=C(O)C(F)(F)F
CHEMBL2368611,10000.0,Cl.N#Cc1ccc2c(c1)CCN(CC[C@H]1CC[C@H](NC(=O)/C=C/c3ccc(F)cc3)CC1)C2
CHEMBL199144,7.943,CCc1c(C(=O)N2CCc3cc4ccnc(N5C[C@@H](C)N[C@@H](C)C5)c4cc32)cnn1-c1ccc(C#N)cc1
CHEMBL138963,120.0,CC(C)NCCOc1cccc2ccccc12
CHEMBL194206,38.3,COc1ccc(NC(=O)N2CCN(c3ccc(F)cc3)CC2)cc1N1CCN(C)CC1
CHEMBL107617,2.0,CC(C)(C)CCCCCCCOc1ccc2[nH]cc(CCN)c2c1
CHEMBL111284,35.0,CCCCCCCCCCOc1ccc2[nH]cc(CCN)c2c1
CHEMBL4743049,1662.65,Cl.Clc1cccc(COc2cncc(N3CCNCC3)n2)c1
CHEMBL430500,2.0,COc1ccc(NC(=O)N2CCN(c3ccccc3OC)CC2)cc1N1CCN(C)CC1.O=C(O)/C=C/C(=O)O
CHEMBL147851,0.11,NCCc1c[nH]c2ccc(OCCN3CCN(C(=O)COc4ccc5[nH]cc(CCN)c5c4)CC3)cc12
CHEMBL606556,4.3,CN1CCC[C@@H]1Cc1c[nH]c2ccc(NS(=O)(=O)c3cccc(Cl)c3)cc12
CHEMBL83617,281.0,NC(=O)c1ccc2c(c1)CCOC2CCN1CC=C(c2c[nH]c3cc(F)ccc23)CC1
CHEMBL83732,210.0,NC(=O)c1ccc2c(c1)CCOC2CCN1CC=C(c2cccc3ccc(F)cc23)CC1
CHEMBL1794855,10000.0,CCN(C)C1CCCc2ccncc21.O=C(O)/C=C\C(=O)O.O=C(O)/C=C\C(=O)O
CHEMBL2112882,3.162,CC(C)C[C@H]1C(=O)N[C@@H](Cc2ccccc2)[C@]2(O)O[C@@](C)(NC(=O)[C@@H]3C=C4c5cccc6[nH]cc(c56)C[C@H]4N(C)C3)C(=O)N12
CHEMBL414420,275.0,CCCCCCCCCCc1ccc2[nH]cc(CCN)c2c1
CHEMBL309976,10000.0,Brc1ccc(CC2=NCCN2)cc1
CHEMBL139230,1120.0,CC(C)NCCOc1cccc2[nH]ccc12
CHEMBL108395,1000.0,CCCCCCCCCOc1ccc2[nH]c3c(c2c1)CCN(C)C3
CHEMBL197408,13.7,COc1ccc(NC(=O)N2CCN(c3ccc(-c4ccccc4)cc3)CC2)cc1N1CCN(C)CC1
CHEMBL1632220,1.259,CCNC(=O)Nc1cccc(CCN2CCN(c3cccc4nc(C)ccc34)CC2)c1
CHEMBL1632217,1.259,Cc1ccc2c(N3CCN(CCc4cccc(NC(=O)c5cnccn5)c4)CC3)cccc2n1
CHEMBL1631540,3.162,Cc1ccc2c(N3CCN(CCc4cccc(N5CCNC5=O)c4)CC3)cccc2n1
CHEMBL1632211,3.162,Cc1ccc2c(N3CCN(CCc4cccc(NC(=O)c5ccccc5F)c4)CC3)cccc2n1
CHEMBL191895,251.19,Cc1ccc2c(OCCN3CCN(Cc4ccc(O)c(N)c4)CC3)cccc2n1
CHEMBL71091,194.0,CCCN(CCC)C1CCc2ccc3c(c2C1)CC(=O)N3
CHEMBL2058429,10000.0,C/N=C1\N(C)C(=O)/C(=C\c2c[nH]c3c(Br)cccc23)N1C
CHEMBL569270,10000.0,CNc1cc(-c2csc(N(C)C(=O)c3ccc(F)cc3)n2)ncn1
CHEMBL348890,1000.0,O=C1Nc2ccc(Cl)c3c2C1(CCCCN1CC=C(c2ccc(Cl)cc2)CC1)CCC3
CHEMBL1788231,3162.28,CC1CCN(CC[C@H]2CCCCN2S(=O)(=O)c2cccc3ccccc23)CC1
CHEMBL79725,96.0,NC(=O)c1ccc2c(c1)CCOC2CCN1CCC(c2c[nH]c3cc(F)ccc23)C1
CHEMBL2413154,643.0,COc1ccccc1N1CCN(CCCCn2ncc(=O)n(C)c2=O)CC1
CHEMBL5084249,160.0,CCN(CC)CCc1ccc(Cl)c(-c2ccccc2OC)c1
CHEMBL111302,1.3,COc1ccc(NC(=O)N2CCN(c3c(C)cccc3C)CC2)cc1N1CCN(C)CC1.O=C(O)/C=C/C(=O)O
CHEMBL20791,2.512,Cc1nc(-c2ccc(-c3ccc(C(=O)Nc4ccc5c(c4)N(CCN(C)C)CCO5)cc3)c(C)c2)no1
CHEMBL136962,1205.0,CCCN(C)CCCOc1ccccc1C1CCCC1
CHEMBL483365,6.31,Cc1ccc2c(N3CCN(CCCCc4ccc5c(c4)NC(=O)CO5)CC3)cccc2n1
CHEMBL519019,398.11,Cc1ccc2c(OCCCN3CC(Oc4ccc5c(c4)NC(=O)CO5)C3)cccc2n1
CHEMBL370896,12.59,COc1cc2c(cc1N1C[C@@H](C)N(C)[C@@H](C)C1)N(C(=O)c1cccc(Cl)c1Cl)CC2
CHEMBL1632223,3.162,Cc1ccc2c(N3CCN(CCc4cccc(NC(=O)Nc5ccccc5)c4)CC3)cccc2n1
CHEMBL110942,1000.0,COc1ccc2[nH]c3c(c2c1)CC(N(C)C)CC3
CHEMBL70652,179.0,CCCN(CCC)[C@H]1CCc2cc(F)c3[nH]cc(C=O)c3c2C1
CHEMBL308042,37.0,Cc1cc(C(C)C)cc(C)c1CC1=NCCN1
CHEMBL605785,0.43,COC1(c2ccc(NC(=O)c3cc(=O)c4cc(F)cc(-c5c(C)nn(C)c5C)c4o3)cn2)CCOCC1
CHEMBL601013,0.96,COC1(c2ccc(NC(=O)C3CCc4cc(F)cc(-c5c(C)nn(C)c5C)c4O3)cn2)CCOCC1
CHEMBL605785,0.4266,COC1(c2ccc(NC(=O)c3cc(=O)c4cc(F)cc(-c5c(C)nn(C)c5C)c4o3)cn2)CCOCC1
CHEMBL198488,3.981,CCc1c(C(=O)N2CCc3cc4ccnc(N5CCN(C(C)C)CC5)c4cc32)cnn1-c1ccc(C#N)cc1
CHEMBL369798,9.9,COC[C@@H]1CCCN1CCc1c[nH]c2ccc(-c3cccs3)cc12
CHEMBL302172,139.0,CCCN(CCC)[C@@H]1CCc2ccc3[nH]ccc3c2C1
CHEMBL28997,10000.0,Fc1ccc(N2CCN(Cc3c[nH]c4ncccc34)CC2)cc1
CHEMBL602674,1.7,CCC(=O)N1CCN(c2ccc(NC(=O)c3cc(=O)c4cc(F)cc(N5CCN(C)CC5)c4o3)cc2)CC1
CHEMBL601012,9.3,Cc1n[nH]c(C)c1-c1ccc(C)c2c(=O)cc(C(=O)Nc3ccc(N4CCOCC4)cc3)[nH]c12
CHEMBL602875,12.3,COc1cc2c(c(N3CCN(C)CC3)c1)O[C@@H](C(=O)Nc1ccc(N3CCOCC3)cc1)CC2
CHEMBL1290487,0.7943,Cc1ccc2c(N3CCN(CCc4cccc5c4CCC(=O)N5C)CC3)cccc2n1
CHEMBL1277105,5000.0,O=S(=O)(c1cccc2ccccc12)c1n[nH]c2ccc(N3CCNCC3)cc12
CHEMBL1278001,5000.0,O=S(=O)(c1cccc2ccccc12)c1nn(Cc2ccccc2)c2ccc(N3CCNCC3)cc12
CHEMBL110601,40.0,COc1ccc(NCC(=O)N2CCN(c3ccccc3C)CC2)cc1N1CCN(C)CC1.O=C(O)/C=C/C(=O)O
CHEMBL2058415,10000.0,C/N=C1\NC(=O)/C(=C\c2c[nH]c3cccc(Br)c23)N1C
CHEMBL101686,32.0,CCCCCCCC(=O)Nc1ccc2[nH]cc(C3CCN(C)CC3)c2n1
CHEMBL420475,380.0,CN1CCC(c2c[nH]c3ccc(NC(=O)C4CCC4)nc23)CC1
CHEMBL173656,70.0,CC1CCC(C)N1CCc1c[nH]c2ccc(-c3cccs3)cc12
CHEMBL1744040,20.0,CN(C)[C@@H]1CCc2ccc3[nH]cc(C=O)c3c2C1
CHEMBL1275630,5000.0,CC(C)Cn1nc(S(=O)(=O)c2cccc3ccccc23)c2cc(N3CCNCC3)ccc21
CHEMBL133868,10000.0,CC(N)Cc1c[nH]c2ccc3c(c12)CCCO3
CHEMBL444843,200.0,NC(=O)c1ccc2c(c1)CCOC2CCN1CCC(c2nsc3cc(F)ccc23)CC1
CHEMBL70409,712.0,Cc1cc(C(C)(C)C)ccc1CC1=NCCN1
CHEMBL111283,14.0,CC(C)CCCCCCOc1ccc2[nH]cc(CCN)c2c1
CHEMBL143512,14.0,NCCc1c[nH]c2ccc(OS(=O)(=O)C(F)(F)F)cc12
CHEMBL72178,3480.0,Cc1cc(C)c(CC2=NCCN2)c(C)c1
CHEMBL111107,172.0,CCCCCCCCCOc1ccc2[nH]c3c(c2c1)CC(N)CC3
CHEMBL1159649,199.0,NC(=O)c1ccc2c(c1)CCO[C@@H]2CCN1CC=C(c2c[nH]c3c(F)cccc23)CC1
CHEMBL71707,1000.0,O=C(/C=C/c1ccc(Cl)c(Cl)c1)N[C@H]1CC[C@@H](CN2[C@@H]3CC[C@H]2C[C@H](c2c[nH]c4ccc(O)cc24)C3)CC1
CHEMBL256263,3162.28,COc1ccc(N2C[C@@H](C)N[C@@H](C)C2)cc1NS(=O)(=O)c1ccc(-c2cccs2)cc1
CHEMBL407706,3162.28,COc1ccc(N2C[C@@H](C)N[C@@H](C)C2)cc1NS(=O)(=O)c1ccc(-c2ccc(C)o2)cc1
CHEMBL490633,10000.0,COc1ccc(CCN2CCC(C(O)c3cccc(OCCF)c3OC)CC2)cc1
CHEMBL490634,10000.0,COc1c(OCCF)cccc1C(=O)C1CCN(CCc2ccc([N+](=O)[O-])cc2)CC1
CHEMBL1632174,10000.0,O=C(O)CCCCCN1CCC(CNC(=O)c2c3n(c4ccccc24)CCCO3)CC1
CHEMBL2113097,7.943,COc1cc2c(cc1N1CCN(C)CC1)N(C(=O)Cc1cccc([N+](=O)[O-])c1)CC2
CHEMBL424837,3.981,COc1cc2c(cc1N1C[C@@H](C)N(C)[C@@H](C)C1)N(C(=O)Nc1cccc(C(F)(F)F)c1F)CC2
CHEMBL370214,2.512,COc1cc2c(cc1N1C[C@@H](C)N(C)[C@@H](C)C1)N(C(=O)Nc1cccc(C(F)(F)F)c1Cl)CC2
CHEMBL193616,7.943,COc1cc2c(cc1N1C[C@@H](C)N[C@@H](C)C1)N(C(=O)c1ccc(-c3cc(C)ncc3C)cc1)CC2
CHEMBL391271,103.0,C[C@@H]1CN(c2cccc3cc(F)ccc23)CCN1CC[C@@H]1OCCc2cc(C(N)=O)ccc21
CHEMBL105369,3.2,CN1CCC(c2c[nH]c3ccc(NC(=O)Nc4ccc(F)cc4)nc23)CC1
CHEMBL104484,310.0,CN1CCC(c2c[nH]c3ccc(NC(=O)c4ccc(C#N)cc4)nc23)CC1
CHEMBL1632158,10000.0,COC(=O)CCCCCN1CCC(CNC(=O)c2c3n(c4ccccc24)CCCO3)CC1
CHEMBL71663,177.0,CCCc1c[nH]c2c(F)cc3c(c12)CC(N(CCC)CCC)CC3
CHEMBL70680,11.0,CCCN(CCCc1ccccc1)C1CCc2ccc3[nH]cc(C=O)c3c2C1
CHEMBL2432048,10000.0,c1ccc(CCN[C@H]2C3C4CC5C6C4CC3C6C52)cc1
CHEMBL3633757,900.0,COc1cc2c3c(c1OCc1ccc(Br)cc1)-c1cc4c(cc1CC3N(C)CC2)OCO4
CHEMBL197011,50.2,COc1ccc(OC)c(N2CCN(CCn3cnc4sc5c(c4c3=O)CCN(C)C5)CC2)c1
CHEMBL198462,70.3,COc1ccc(Cl)cc1N1CCN(CCn2cnc3sc4c(c3c2=O)CCN(C)C4)CC1
CHEMBL4867560,10000.0,COc1ccccc1-c1n[nH]cc1N1CCCNCC1
CHEMBL281350,2.777,Cc1nc(-c2ccc(-c3ccc(C(=O)N4CCc5cc6c(cc54)C4(CCN(C)CC4)CO6)cc3)c(C)c2)no1
CHEMBL1277917,5000.0,CN1CCN(c2ccc3[nH]nc(S(=O)(=O)c4ccccc4)c3c2)CC1
CHEMBL3104091,1348.96,CN1CCc2c(c3cccc4c3n2-c2ccccc2CC4)C1
CHEMBL306699,10000.0,CNCCc1c(C)cc(C(C)(C)C)cc1C
CHEMBL513715,1.0,Cc1ccc2c(N3CCN(CCc4cccc5c4OCC(=O)N5)CC3)cccc2n1
CHEMBL3609140,1608.0,CCCOc1c(OC)cc2c3c1-c1cc4c(cc1CC3N(C)CC2c1ccccc1)OCO4
CHEMBL442087,1000.0,Cc1ccc2c(OCCN3CCC(Cc4ccc5c(c4)NC(=O)CO5)CC3)cc(F)cc2n1
CHEMBL93923,110.0,Cn1ccc(-c2ccc3c(c2)c(C2CCN(CCN4CCNC4=O)CC2)cn3-c2ccc(F)cc2)n1
CHEMBL225363,9.3,CN1CCN(c2cc(F)cc3c(=O)cc(C(=O)Nc4ccc(N5CCOCC5)cc4)[nH]c23)CC1
CHEMBL174355,133.0,Cc1ccc(-c2ccc3[nH]cc(CCN(C)C)c3c2)s1
CHEMBL469345,3.981,Cc1ccc2c(N3CCN(CCc4cccc5c4OCC(=O)N5C)CC3)cccc2n1
CHEMBL1289509,1000.0,Cc1ccc2c(N3CCN(CCc4c(C)ccc5c4ccc(=O)n5C)[C@@H](C)C3)cccc2n1
CHEMBL1289510,316.23,Cc1ccc2c(N3CCN(CCc4cccc5c4ccc(=O)n5C)[C@@H](C)C3)cc(F)cc2n1
CHEMBL5395401,646.0,CCN(CC)CCCC(C)Nc1cnc(C(=O)Nc2ccc(Cl)c3cccnc23)cn1
CHEMBL4528651,10000.0,CC[C@H]1c2cc(C)ccc2OC[C@@]1(C)N
CHEMBL4206939,10000.0,C[C@@H]1SC(c2cccs2)=N[C@H]1CO
CHEMBL4214263,10000.0,C[C@@H]1SC(c2ccco2)=N[C@H]1CO
CHEMBL2111779,19.0,COc1ccc(C(=O)Nc2ccc(-c3ccncc3)cc2)cc1/C=C\CN(C)C
CHEMBL2111779,6.1,COc1ccc(C(=O)Nc2ccc(-c3ccncc3)cc2)cc1/C=C\CN(C)C
CHEMBL307408,1570.0,Cc1cc(Br)cc(C)c1CC1=NCCN1
CHEMBL1258723,1571.0,CCCCOc1ccc(-c2nn3c(C)cc(C)nc3c2CC(=O)N(CC)CC)cc1
CHEMBL1258614,10000.0,CCOc1ccc(-c2nn3c(C)cc(C)nc3c2CC(=O)N(CC)CC)cc1
CHEMBL5170784,164.0,COc1ccc(C2NCCc3c2[nH]c2ccc(Cl)cc32)c(O)c1
CHEMBL300519,14.2,CC(C)c1ccc2[nH]cc(CCN(C)C)c2c1
CHEMBL522708,12.59,Cc1ccc2c(OCCN3CCC(Cc4cccc(N5CCCS5(=O)=O)c4)CC3)cccc2n1
CHEMBL339308,0.14,COc1ccc(NC(=O)c2ccc(-c3ccc(C4=NC(C)ON4)cc3C)cc2)cc1N1CCN(C)CC1
CHEMBL44054,10.4,CC(C)c1ccc2[nH]cc(C[C@H]3CCCN3C)c2c1
CHEMBL362992,316.23,Cc1ccc2c(OCCN3CCN(Cc4cccc5ncncc45)CC3)cccc2n1
CHEMBL1774995,272.0,O=C(N(CCN1CCN(c2ccccc2O)CC1)c1ccccn1)C12C3C4C1C1C2C3C41I
CHEMBL24778,372.99,C[C@H](Cc1cc2c(c(C(N)=O)c1)N(CCCO)CC2)NCCOc1ccccc1OCC(F)(F)F
CHEMBL334465,2675.0,CCCCN(CCCC)CCOc1cccc2ccccc12
CHEMBL281350,6.31,Cc1nc(-c2ccc(-c3ccc(C(=O)N4CCc5cc6c(cc54)C4(CCN(C)CC4)CO6)cc3)c(C)c2)no1
CHEMBL2442266,10000.0,C/N=C1/N/C(=C/c2c[nH]c3cccc(Br)c23)C(=O)N1C
CHEMBL3093187,10000.0,Fc1cccc2c1nc(OCC1CCN(CCCC(F)(F)F)CC1)c1cccnc12
CHEMBL2260933,833.0,CN1CCN([C@@H](COc2cccc(Cl)c2Cl)c2ccccc2)CC1.O=C(O)C(=O)O
CHEMBL2181166,10000.0,Fc1cccc2c1nc(OCC1CCN(CCCc3ccc(I)cc3)CC1)c1cccnc12
CHEMBL1278,1.5,CNS(=O)(=O)CCc1ccc2[nH]cc(C3CCN(C)CC3)c2c1
CHEMBL5403404,362.0,CCCN1CCN(c2ccc3c(c2)C(N(C)C(=O)OCc2ccccc2)CCC3)CC1
CHEMBL114571,3.0,Cc1ccc(NC(=O)N2CC=C(c3ccc4[nH]cc(C[C@H]5CCCN5C)c4c3)CC2)cc1
CHEMBL39,4.0,NCCc1c[nH]c2ccc(O)cc12
CHEMBL162771,130.0,O=C(NN1CC=C(c2ccc3[nH]cc(CCN4CCCC4)c3c2)CC1)C1CCCCC1
CHEMBL4576555,2168.63,CN1CCN(C(=O)C(C)(C)c2ccc(C(=O)Nc3cn4cc(-c5cc(C(C)(C)C)cc(C(C)(C)C)c5)ccc4n3)cc2)CC1
CHEMBL1290486,0.631,Cc1ccc2c(N3CCN(CCc4cccc5c4CCC(=O)N5)CC3)cccc2n1
CHEMBL1289394,0.7943,Cc1ccc2c(N3CCN(CCc4cccc5c4ccc(=O)n5C)[C@H](C)C3)cc(F)cc2n1
CHEMBL2181187,10000.0,CCCN1CCC(COc2nc3c(OC)cccc3c3ccccc23)CC1
CHEMBL105261,300.0,CCC(=O)Nc1ccc2[nH]cc(C3CCN(C)CC3)c2n1
CHEMBL370625,0.7943,CN1CCN(c2nccc3cc4c(cc23)N(C(=O)c2cccc3ncccc23)CC4)CC1
CHEMBL425190,199.53,Cc1ccc2c(OCCN3CCN(Cc4cccc5cccnc45)CC3)cccc2n1
CHEMBL322054,40.0,CCCCCCCCCOc1ccc2[nH]cc(CCN(C)C)c2c1
CHEMBL2112307,19.0,NC(=O)c1ccc2c(c1)CCOC2CCN1CC=C(c2ccc(F)c3ccoc23)CC1
CHEMBL73670,2780.0,CC(C)c1ccc(CC2=NCCN2)cc1
CHEMBL241499,794.33,Cc1ccc2c(OCCN3CCC(Cc4ccc5c(c4)NC(=O)CO5)CC3)ccc(F)c2n1
CHEMBL4202582,10000.0,C[C@@H]1SC(c2c[nH]c3ccccc23)=N[C@H]1CO
CHEMBL198792,1.1,CN1CCc2c(sc3ncn(CCN4CCN(c5ccccc5Oc5ccccc5)CC4)c(=O)c23)C1
CHEMBL1259203,13.0,CN1CCC(c2cn(-c3ccc(F)cc3)c3ccc(-c4cncnc4)cc23)CC1
CHEMBL140415,425.0,CCCN(C)CCOc1ccccc1C1CCCC1
CHEMBL93868,2300.0,CN(C)CCc1cn(S(=O)(=O)c2ccccc2)c2ccccc12
CHEMBL1279,10.3,CN[C@@H]1CCc2[nH]c3ccc(C(N)=O)cc3c2C1
CHEMBL496098,6.31,Cc1ccc2c(OCCN3CCC(Cc4cccc(NC(=O)CN(C)C)c4)CC3)cccc2n1
CHEMBL111376,1.6,CCCCCOc1ccc2[nH]cc(CCN)c2c1
CHEMBL418823,135.0,CCCCCCCCCOc1ccc2[nH]cc(CCNCCCC)c2c1
CHEMBL1241546,2.512,Cc1ccc2c(N3CCN(CCc4cccc5c4OCc4c(C)nnn4-5)CC3)cccc2n1
CHEMBL1242717,1.0,Cc1ccc2c(N3CCN(CCc4cccc5c4OCc4c(C(=O)N6CCOCC6)ncn4-5)CC3)cccc2n1
CHEMBL1241998,2.512,Cc1ccc2c(N3CCN(CCc4cccc5c4OCc4c(C(=O)NC(C)C)ncn4-5)CC3)cccc2n1
CHEMBL1242436,1.585,Cc1ccc2c(N3CCN(CCc4cccc5c4OCc4c(C(=O)N6CCC6)ncn4-5)CC3)cccc2n1
CHEMBL1242533,1.0,Cc1ccc2c(N3CCN(CCc4cccc5c4OCc4c(C(=O)N6CCCC6)ncn4-5)CC3)cccc2n1
CHEMBL2205811,6306.0,COc1cccc(CCN2C3C4C5CC6C7C5C3C7C2(O)C64)c1
CHEMBL73429,10000.0,CCc1ccc(CC2=NCCN2)cc1
CHEMBL196862,1.4,CN1CCc2c(sc3ncn(CCN4CCN(c5ccccc5C#N)CC4)c(=O)c23)C1
CHEMBL183460,10.0,Cc1ccc2c(OCCN3CCC(Cc4ccc5c(c4)NC(=O)CO5)CC3)cccc2n1
CHEMBL248231,63.1,Cc1ccc2c(OCCN3CCN(Cc4ccc5c(c4)N(Cc4ccccc4)C(=O)CO5)CC3)cccc2n1
CHEMBL443060,1.585,CCN1C(=O)COc2ccc(CN3CCN(CCOc4cccc5nc(C)ccc45)CC3)c(F)c21
CHEMBL482496,500.0,[3H]C([3H])([3H])Oc1cc(I)c(OC)cc1CCNCc1ccccc1OC([3H])([3H])[3H]
CHEMBL238732,630.96,Cc1ccc2c(OCCN3CCC(Cc4cc(F)c5c(c4)NC(=O)CO5)CC3)cc(Cl)cc2n1
CHEMBL238730,316.23,Cc1ccc2c(OCCN3CCC(Cc4cc(F)c5c(c4)NC(=O)CO5)CC3)cc(F)cc2n1
CHEMBL1189234,10000.0,OC12C3C4CC5C6C4C1C6C(C53)N2Cc1ccccc1
CHEMBL3480577,3311.31,Cc1ccc2nc(CNCCCOc3ccccc3)cc(O)c2c1
CHEMBL4163428,1431.0,CN1CCN(c2ccc3c(c2)CN(C(=O)OCc2ccccc2)C3)CC1
CHEMBL83617,281.0,NC(=O)c1ccc2c(c1)CCOC2CCN1CC=C(c2c[nH]c3cc(F)ccc23)CC1
CHEMBL144030,0.1,NCCc1c[nH]c2ccc(OCc3ccc(COc4ccc5[nH]cc(CCN)c5c4)cc3)cc12
CHEMBL1277837,5000.0,CC(C)n1nc(S(=O)(=O)c2cccc3ccccc23)c2cc(N3CCNCC3)ccc21
CHEMBL321967,640.0,CN1CCC(c2c[nH]c3ccc(NC(=O)C4CCCC4)nc23)CC1
CHEMBL30831,2.1,CN1CCN(c2cccc3ccc(OCCOc4ccc5cccc(N6CCN(C)CC6)c5c4)cc23)CC1
CHEMBL263700,420.0,CN(C)CCc1cn(C(=O)c2ccccc2)c2ccc(O)cc12
CHEMBL542139,794.33,COc1ccc(NS(=O)(=O)c2sc3ccc(Cl)cc3c2C)cc1N1CCNCC1.Cl
CHEMBL425919,5.012,COc1cc2c(cc1N1C[C@@H](C)N[C@@H](C)C1)N(C(=O)c1ccc(-c3ccc(N4CCCC4=O)nc3C)cc1)CC2
CHEMBL1277565,3624.0,Cn1nc(S(=O)(=O)c2cccc3ccccc23)c2cc(N3CCNCC3)ccc21
CHEMBL5398630,1520.0,O=C(O)/C=C/C(=O)O.[2H]C([2H])(Cc1c[nH]c2ccccc12)N(C)C
CHEMBL3183055,1840.0,CN(C)CCc1c[nH]c2ccccc12.O=C(O)/C=C/C(=O)O
CHEMBL281350,10.0,Cc1nc(-c2ccc(-c3ccc(C(=O)N4CCc5cc6c(cc54)C4(CCN(C)CC4)CO6)cc3)c(C)c2)no1
CHEMBL2205817,7137.0,OC12C3C4CC5C6C4C1C6C(C53)N2CCc1cccnc1
CHEMBL905,10.1,CN(C)CCc1c[nH]c2ccc(Cn3cncn3)cc12
CHEMBL338115,10000.0,COc1ccc2[nH]c3c(c2c1)CCN=C3C
CHEMBL65196,349.0,CCCN(CCC)C1CCc2ccc3[nH]ccc3c2C1
CHEMBL4292326,3406.0,O=C(NCCc1c[nH]c2ccccc12)C1CCN(C(=O)c2ccc(-c3ccccc3)cc2)CC1
CHEMBL39,4.0,NCCc1c[nH]c2ccc(O)cc12
CHEMBL4210787,10000.0,C[C@@H]1SC(c2cc3ccccc3cc2O)=N[C@H]1CO
CHEMBL4205064,10000.0,Oc1ccccc1C1=NC(Cc2c[nH]cn2)CS1
CHEMBL497963,1.995,Cc1ccc2c(OCCN3CCC(Cc4cccc(NS(C)(=O)=O)c4)CC3)cccc2n1
CHEMBL490417,0.5012,Cc1ccc2c(N3CCN(CCc4ccc5c(c4)NC(=O)CO5)CC3)cccc2n1
CHEMBL31354,24.0,COc1ccccc1N1CCN(CCN(C(=O)C2CCCCC2)c2ccccn2)CC1
CHEMBL770,10000.0,c1ccc(CC2=NCCN2)cc1
CHEMBL3104092,707.95,CN1CCc2c(c3cccc4c3n2Cc2ccccc2C4)C1
CHEMBL200315,0.5,CN1CCc2c(sc3ncn(CCN4CCN(c5cccc6c5OCC6)CC4)c(=O)c23)C1
CHEMBL197445,3.8,COc1c(Cl)cc(Cl)cc1N1CCN(CCn2cnc3sc4c(c3c2=O)CCN(C)C4)CC1
CHEMBL59898,2157.0,CCOC(=O)c1c(C)[nH]c2ccc3c(c12)CN1CCc2cc(OC)ccc2C1O3
CHEMBL452861,4100.0,CC(C)NC[C@H](O)COc1cccc2ccccc12
CHEMBL95104,630.96,O=S(=O)(c1ccc2cc[nH]c2c1)N1CCC[C@@H]1CCN1CCC(Oc2ccc(Cl)cc2)CC1
CHEMBL15928,0.14,COc1ccc(NC(=O)c2ccc(-c3ccc(-c4noc(C)n4)cc3C)cc2)cc1N1CCN(C)CC1
CHEMBL3104093,1230.27,CN1CCc2c(c3cccc4c3n2CCc2ccccc2-4)C1
CHEMBL4860503,10000.0,COc1cccc(-c2n[nH]cc2N2CCCNCC2)c1
CHEMBL4863036,10000.0,COc1ccc(-c2n[nH]cc2N2CCCNCC2)cc1
CHEMBL50492,286.0,CCc1ccc2[nH]cc(CCN(C)C)c2c1
CHEMBL770,10000.0,c1ccc(CC2=NCCN2)cc1
CHEMBL1185,4.2,CN(C)CCc1c[nH]c2ccc(C[C@H]3COC(=O)N3)cc12
CHEMBL490417,251.19,Cc1ccc2c(N3CCN(CCc4ccc5c(c4)NC(=O)CO5)CC3)cccc2n1
CHEMBL522257,0.5012,Cc1ccc2c(N3CCN(CCc4ccc5c(c4)N(C)C(=O)CO5)CC3)cccc2n1
CHEMBL76237,2200.0,COc1ccc2c(c1)c(CCN(C)C)cn2S(=O)(=O)c1ccccc1
CHEMBL1200517,107.89,CN1C[C@H](C(=O)N[C@]2(C)O[C@@]3(O)[C@@H]4CCCN4C(=O)[C@H](Cc4ccccc4)N3C2=O)C[C@@H]2c3cccc4[nH]cc(c34)C[C@H]21.CS(=O)(=O)O
CHEMBL277120,10.1,c1ccc2c(N3CCNCC3)cccc2c1
CHEMBL183460,10.0,Cc1ccc2c(OCCN3CCC(Cc4ccc5c(c4)NC(=O)CO5)CC3)cccc2n1
CHEMBL344127,0.2,COc1ccc(CNC(=O)/C=C/c2ccc3[nH]cc(CCN(C)C)c3c2)cc1
CHEMBL2024517,128.52,CN(C)C(=O)N[C@H]1CC[C@H](CCN2CCN(c3cccc(Cl)c3Cl)CC2)CC1.Cl
CHEMBL128,10.0,CNS(=O)(=O)Cc1ccc2[nH]cc(CCN(C)C)c2c1
CHEMBL71625,210.0,CCCN(CCC)[C@@H]1CCc2ccc3[nH]cc(C=O)c3c2C1
CHEMBL2138684,22.87,CN[C@@H]1CCc2[nH]c3ccc(C(N)=O)cc3c2C1.O.O=C(O)CCC(=O)O
CHEMBL1263,1985.41,OCc1cc(C(O)CNCCCCCCOCCCCc2ccccc2)ccc1O
CHEMBL2105760,42.64,O=c1ccc2ccc(OCCCCN3CCN(c4cccc5sccc45)CC3)cc2[nH]1
CHEMBL20963,1.0,COc1ccc(NC(=O)c2ccc(-c3ccc(-c4noc(C)n4)cc3C)cc2)cc1OCCN(C)C
CHEMBL1642886,2726.0,CC(C)c1ccc(S(=O)(=O)c2n[nH]c3ccc(NC4CCNCC4)cc23)cc1.Cl
CHEMBL39,6.76,NCCc1c[nH]c2ccc(O)cc12
CHEMBL56,559.0,CCCN(CCC)C1CCc2cccc(O)c2C1
CHEMBL1242345,1.585,Cc1ccc2c(N3CCN(CCc4cccc5c4OCc4c(C(=O)NCC6CC6)ncn4-5)CC3)cccc2n1
CHEMBL39,4.8,NCCc1c[nH]c2ccc(O)cc12
CHEMBL2164327,10.2,Cc1nn(C)c(C)c1-c1cccc2c1CC[C@H](N(C)C)C2
CHEMBL39,6.76,NCCc1c[nH]c2ccc(O)cc12
CHEMBL10085,2880.0,CC(C)Oc1ccccc1N1CCN(Cc2cccc(C(=O)N3CCCCC3)c2)CC1
CHEMBL513715,1.0,Cc1ccc2c(N3CCN(CCc4cccc5c4OCC(=O)N5)CC3)cccc2n1
CHEMBL128,47.9,CNS(=O)(=O)Cc1ccc2[nH]cc(CCN(C)C)c2c1
CHEMBL326667,3.0,CCCCCCCCOc1ccc2[nH]cc(CCN)c2c1
CHEMBL128,0.5,CNS(=O)(=O)Cc1ccc2[nH]cc(CCN(C)C)c2c1
CHEMBL39,5.012,NCCc1c[nH]c2ccc(O)cc12
CHEMBL198463,9.7,CN1CCc2c(sc3ncn(CCN4CCN(c5ccnc6ccccc56)CC4)c(=O)c23)C1
CHEMBL197338,4.9,COc1cc(Cl)c(Cl)cc1N1CCN(CCn2cnc3sc4c(c3c2=O)CCN(C)C4)CC1
CHEMBL196958,2.5,CC(C)Oc1ccccc1N1CCN(CCn2cnc3sc4c(c3c2=O)CCN(C)C4)CC1
CHEMBL1200492,262.12,CCc1nn(CCCN2CCN(c3cccc(Cl)c3)CC2)c(=O)n1CCOc1ccccc1.Cl
CHEMBL490417,0.5012,Cc1ccc2c(N3CCN(CCc4ccc5c(c4)NC(=O)CO5)CC3)cccc2n1
CHEMBL76237,9210.0,COc1ccc2c(c1)c(CCN(C)C)cn2S(=O)(=O)c1ccccc1
CHEMBL267777,280.67,Cc1nc2sccn2c(=O)c1CCN1CCC(=C(c2ccc(F)cc2)c2ccc(F)cc2)CC1
CHEMBL484216,100.0,Cc1ccc2c(OCC(C)N3CCC(Cc4ccc5c(c4)NC(=O)CO5)CC3)cccc2n1
CHEMBL484743,10000.0,Cc1ccc2c(OCC3CCN(Cc4ccc5c(c4)NC(=O)CO5)CC3)cccc2n1
CHEMBL381035,7.943,COc1cc2c(cc1N1C[C@@H](C)N(C)[C@@H](C)C1)N(C(=O)Nc1cccc(Cl)c1F)CC2
CHEMBL197505,2.512,COc1cc2c(cc1N1C[C@@H](C)N(C)[C@@H](C)C1)N(C(=O)Oc1cccc(C(F)(F)F)c1F)CC2
CHEMBL364056,5.012,COc1cc2c(cc1N1C[C@@H](C)N[C@@H](C)C1)N(C(=O)c1ccc(-c3ccc(-c4ncccn4)cc3C)cc1)CC2
CHEMBL500,10000.0,CC(C)NCC(O)COc1cccc2[nH]ccc12
CHEMBL199269,0.9,CN1CCc2c(sc3ncn(CCN4CCN(c5cccc6cnccc56)CC4)c(=O)c23)C1
CHEMBL267014,10000.0,Clc1ccc(N2CCN(Cc3c[nH]c4ncccc34)CC2)cc1
CHEMBL4876193,10000.0,Cc1cccc(-c2n[nH]cc2N2CCCNCC2)c1
CHEMBL4869695,10000.0,Fc1ccc(-c2n[nH]cc2N2CCCNCC2)cc1
CHEMBL295234,10000.0,CC1=NCCc2c1[nH]c1ccccc21
CHEMBL39,14.0,NCCc1c[nH]c2ccc(O)cc12
CHEMBL431298,794.33,COc1ccc(NS(=O)(=O)c2sc3ccc(Cl)cc3c2C)cc1N1CCNCC1
CHEMBL97450,1.2,CCCCCCCCCOc1ccc2[nH]cc(CCN)c2c1
CHEMBL500,2600.0,CC(C)NCC(O)COc1cccc2[nH]ccc12
CHEMBL27,10000.0,CC(C)NCC(O)COc1cccc2ccccc12
CHEMBL5075931,562.21,NCCc1cn(S(=O)(=O)c2c(Cl)nc3sccn23)c2ccccc12.O=C(O)C(=O)O
CHEMBL582877,1531.0,CC1(C)N=C(N)N=C(Nc2cccc(Br)c2)N1
CHEMBL3770981,9653.0,CCOC(=O)c1cccc(NC2=NC(N(C)C)=NC3(CCCCC3)N2)c1
CHEMBL467094,100.0,COc1cc2c3c(c1OC)-c1cc4c(cc1CC3N(C)CC2)OCO4
CHEMBL490417,0.1995,Cc1ccc2c(N3CCN(CCc4ccc5c(c4)NC(=O)CO5)CC3)cccc2n1
CHEMBL5094181,407.38,O=C(NCCCn1ccnc1)c1cc2nc(-c3ccccc3)cc(-c3ccccc3)n2n1
CHEMBL56,638.0,CCCN(CCC)C1CCc2cccc(O)c2C1
CHEMBL2260923,1249.0,CNCCOc1ccc(Br)cc1Br.O=C(O)C(=O)O
CHEMBL2260930,751.8,CNC(C)COc1cccc(Oc2ccccc2)c1.O=C(O)C(=O)O
CHEMBL128,19.1,CNS(=O)(=O)Cc1ccc2[nH]cc(CCN(C)C)c2c1
CHEMBL5417310,4500.0,O=C(O)c1cc(-c2ccc(C3CCCNCC3)cc2)c2ccc(-c3ccc(C(F)(F)F)cc3)cc2c1
CHEMBL1489369,2825.53,Br.CN1CCc2cc(Br)c(O)cc2C(c2ccccc2)C1
CHEMBL5082177,10000.0,CCCN(CCC)Cc1ccc(Cl)c(-c2ccccc2OC)c1
CHEMBL5093342,250.0,CCCNCCc1ccc(Cl)c(-c2ccccc2OC)c1.Cl
CHEMBL2205816,956.0,OC12C3C4CC5C6C4C1C6C(C53)N2CCc1ccccn1
CHEMBL4292719,8594.0,O=C(NCc1ccccc1)C1CCN(C(=O)c2ccc(-c3ccccc3)cc2)CC1
CHEMBL4558518,946.0,CC(C)(C)OC(=O)N1CCCC1CNC1CCC(c2cc(F)ccc2F)(S(=O)(=O)c2ccc(Cl)cc2)CC1
CHEMBL128,36.0,CNS(=O)(=O)Cc1ccc2[nH]cc(CCN(C)C)c2c1
CHEMBL473186,0.3162,CC(C)c1cc(-c2ccc(F)c3ccccc23)nc(N)n1
CHEMBL5400876,2859.0,c1ccc(N2CCN(CCCc3nc4ccccc4s3)CC2)nc1
CHEMBL4285281,1209.0,COc1cc2c3c(c1OC)-c1ccccc1[C@@H](O)[C@@H]3NCC2
CHEMBL540612,166.0,COc1ccccc1N1CCN(CCCCNC(=O)c2ccc3ccccc3c2)CC1.Cl
CHEMBL1200809,4230.58,CN1CCCC(n2nc(Cc3ccc(Cl)cc3)c3ccccc3c2=O)CC1.Cl
CHEMBL4802048,10000.0,CC[C@H](Nc1c(C#N)c(-c2ccc(-c3cccc(C)c3F)cc2)nc2cnccc12)C(=O)O
CHEMBL4472703,10000.0,CC[C@H]1c2cc(OC)ccc2CC[C@@]1(C)N
CHEMBL4083252,2032.0,COc1ccccc1N1CCN(CCCSc2nnc(-c3ccccc3)n2C)CC1
CHEMBL2391541,128.82,C=CCN(CC=C)CCc1c[nH]c2ccc(OC)cc12
CHEMBL30713,559.0,CC(N)Cc1c[nH]c2ccccc12
CHEMBL4202825,6674.21,N#Cc1c(N)nc(SCC(N)=O)c(C#N)c1-c1ccc(OCC2CC2)cc1
CHEMBL403225,8406.21,C[C@H](CO)Nc1nc(SCc2cccc(Cl)c2F)nc2[nH]c(=O)sc12
CHEMBL1279,4.4,CN[C@@H]1CCc2[nH]c3ccc(C(N)=O)cc3c2C1
CHEMBL71804,304.0,CCCN(CCC)[C@H]1CCc2ccc3[nH]cc(C#N)c3c2C1
CHEMBL29846,794.33,COc1ccc(NS(=O)(=O)c2sc3ccc(Cl)cc3c2C)cc1N1CCN(C)CC1
CHEMBL438619,0.1,CN1CCc2c(sc3ncn(CCN4CCN(c5cccc6ccncc56)CC4)c(=O)c23)C1
CHEMBL197240,1.7,CN1CCc2c(sc3ncn(CCN4CCN(c5cccc6ncccc56)CC4)c(=O)c23)C1
CHEMBL197007,1.1,CN1CCc2c(sc3ncn(CCN4CCN(c5ccccc5-c5ccccc5)CC4)c(=O)c23)C1
CHEMBL197078,3.5,Cc1ccccc1N1CCN(CCn2cnc3sc4c(c3c2=O)CCN(C)C4)CC1
CHEMBL2391541,129.0,C=CCN(CC=C)CCc1c[nH]c2ccc(OC)cc12
CHEMBL85,10.0,Cc1nc2n(c(=O)c1CCN1CCC(c3noc4cc(F)ccc34)CC1)CCCC2
CHEMBL5081379,640.0,CCCNCc1ccc(Cl)c(-c2ccccc2OC)c1
CHEMBL5094234,580.0,CCNCCc1ccc(Cl)c(-c2ccccc2OC)c1.Cl
CHEMBL191971,7.943,CN1CCN(c2cc3c(cc2Cl)CCN3C(=O)Nc2ccc(-c3ccncc3)c3ccccc23)CC1
CHEMBL1257131,232.27,COC(=O)[C@H]1[C@H]2C[C@H]3c4[nH]c5ccccc5c4CCN3C[C@H]2CC[C@@H]1O.Cl
CHEMBL4520788,1737.8,CNCc1ccccc1-c1csc([C@H](C)Nc2nc(C)nc3cc(OC)c(OC)cc23)c1
CHEMBL4535474,1407.51,CNCc1ccccc1-c1csc([C@@H](C)Nc2nc(C)nc3cc(OC)c(OC)cc23)c1
CHEMBL5094181,477.93,O=C(NCCCn1ccnc1)c1cc2nc(-c3ccccc3)cc(-c3ccccc3)n2n1
CHEMBL302171,2275.0,CCCN(CCC)[C@H]1CCc2ccc3[nH]ccc3c2C1
CHEMBL56898,10000.0,Nc1ccc(CC2=NCCN2)cc1
CHEMBL4535474,1348.96,CNCc1ccccc1-c1csc([C@@H](C)Nc2nc(C)nc3cc(OC)c(OC)cc23)c1
CHEMBL3752900,891.25,C=CCN(CC=C)CCc1c[nH]c2ccc(Cl)cc12
CHEMBL196907,319.6,CN1CCc2c(sc3ncn(CCN4CCN(c5ncnc6ccccc56)CC4)c(=O)c23)C1
CHEMBL199443,0.3,CN1CCc2c(sc3ncn(CCN4CCN(c5cccc6cccnc56)CC4)c(=O)c23)C1
CHEMBL197344,0.4,CN1CCc2c(sc3ncn(CCN4CCN(c5cccc6ccsc56)CC4)c(=O)c23)C1
CHEMBL39,1.1,NCCc1c[nH]c2ccc(O)cc12
CHEMBL282199,1000.0,CC1CCN(CC[C@H]2CCCN2S(=O)(=O)c2cccc(O)c2)CC1
CHEMBL128,24.0,CNS(=O)(=O)Cc1ccc2[nH]cc(CCN(C)C)c2c1
CHEMBL4520788,1757.2,CNCc1ccccc1-c1csc([C@H](C)Nc2nc(C)nc3cc(OC)c(OC)cc23)c1
CHEMBL1278,3.3,CNS(=O)(=O)CCc1ccc2[nH]cc(C3CCN(C)CC3)c2c1
CHEMBL2205816,956.0,OC12C3C4CC5C6C4C1C6C(C53)N2CCc1ccccn1
CHEMBL2205812,10000.0,COc1ccc(CCN2C3C4C5CC6C7C5C3C7C2(O)C64)cc1
CHEMBL5399275,6000.0,O=C(O)c1cc(-c2ccc([C@]3(O)[C@@H]4CNC[C@H]3C4)cc2)c2ccc(-c3ccc(C(F)(F)F)cc3)cc2c1
CHEMBL469345,3.981,Cc1ccc2c(N3CCN(CCc4cccc5c4OCC(=O)N5C)CC3)cccc2n1
CHEMBL31217,0.76,CN1CCN(c2cccc3ccc(OCCOc4ccc5[nH]cc(CCN)c5c4)cc23)CC1
CHEMBL128,9.1,CNS(=O)(=O)Cc1ccc2[nH]cc(CCN(C)C)c2c1
CHEMBL183460,10.0,Cc1ccc2c(OCCN3CCC(Cc4ccc5c(c4)NC(=O)CO5)CC3)cccc2n1
CHEMBL39,4.0,NCCc1c[nH]c2ccc(O)cc12
CHEMBL312448,14.0,Cc1cc(C(C)(C)C)cc(C)c1CC1=NCCN1
CHEMBL337539,100.0,NCCOc1cccc2ccccc12
CHEMBL513715,1.0,Cc1ccc2c(N3CCN(CCc4cccc5c4OCC(=O)N5)CC3)cccc2n1
CHEMBL269538,10000.0,COc1ccc2c(c1)[nH]c1c(C)nccc12
CHEMBL101690,83.0,CN1CCC(c2c[nH]c3ccc(NC(=O)c4ccc(F)cc4)cc23)CC1
CHEMBL119264,12.1,CN(C)CCCc1cc(C(=O)Nc2ccc(-c3ccncc3)cc2)ccc1O
CHEMBL4856702,1819.0,Fc1cccc(-c2n[nH]cc2N2CCNCC2)c1
CHEMBL4871980,10000.0,Fc1ccc(-c2n[nH]cc2N2CCNCC2)cc1
CHEMBL12713,56.0,O=C1NCCN1CCN1CCC(c2cn(-c3ccc(F)cc3)c3ccc(Cl)cc23)CC1
CHEMBL338115,10000.0,COc1ccc2[nH]c3c(c2c1)CCN=C3C
CHEMBL5090884,280.0,CCCCNCCc1ccc(Cl)c(-c2ccccc2OC)c1.Cl
CHEMBL15928,1.0,COc1ccc(NC(=O)c2ccc(-c3ccc(-c4noc(C)n4)cc3C)cc2)cc1N1CCN(C)CC1
CHEMBL8165,3.5,COc1ccc2[nH]cc(CCN)c2c1
CHEMBL331240,3.3,CC(=O)Nc1ccc(N2CCN(C(=O)COc3ccc4[nH]cc(CCN)c4c3)CC2)cc1
CHEMBL312448,13.0,Cc1cc(C(C)(C)C)cc(C)c1CC1=NCCN1
CHEMBL15928,0.14,COc1ccc(NC(=O)c2ccc(-c3ccc(-c4noc(C)n4)cc3C)cc2)cc1N1CCN(C)CC1
CHEMBL1185,0.4,CN(C)CCc1c[nH]c2ccc(C[C@H]3COC(=O)N3)cc12
CHEMBL905,3.0,CN(C)CCc1c[nH]c2ccc(Cn3cncn3)cc12
CHEMBL277120,10.6,c1ccc2c(N3CCNCC3)cccc2c1
CHEMBL119264,14.0,CN(C)CCCc1cc(C(=O)Nc2ccc(-c3ccncc3)cc2)ccc1O
CHEMBL301265,3508.0,CCCN[C@H]1CCc2nc(N)sc2C1
CHEMBL103769,1038.25,S=C(NCCCc1c[nH]cn1)NCCCN(Cc1ccc(Cl)c(Cl)c1)c1ccc(Br)cn1
CHEMBL101690,240.0,CN1CCC(c2c[nH]c3ccc(NC(=O)c4ccc(F)cc4)cc23)CC1
CHEMBL196914,0.5,COc1c(Cl)cccc1N1CCN(CCn2cnc3sc4c(c3c2=O)CCN(C)C4)CC1
CHEMBL200949,42.3,COc1ccc(C(F)(F)F)cc1N1CCN(CCn2cnc3sc4c(c3c2=O)CCN(C)C4)CC1
CHEMBL128,9.6,CNS(=O)(=O)Cc1ccc2[nH]cc(CCN(C)C)c2c1
CHEMBL716,1000.0,OCCOCCN1CCN(C2=Nc3ccccc3Sc3ccccc32)CC1
CHEMBL463249,0.0,CN1C(=N)N(C)/C(=C/c2c[nH]c3cc(Br)ccc23)C1=O
CHEMBL360803,1980.0,Clc1cc(I)cc(Cl)c1N=C1NCCN1
CHEMBL39,18.0,NCCc1c[nH]c2ccc(O)cc12
CHEMBL30713,501.19,CC(N)Cc1c[nH]c2ccccc12
CHEMBL72107,5000.0,Cc1cc(C(C)(C)C)cc(C)c1CC1=NCCN1C
CHEMBL4642292,10000.0,Cc1nccc2c1C(C)(C)Nc1cc(Br)ccc1-2
CHEMBL4558518,1000.0,CC(C)(C)OC(=O)N1CCCC1CNC1CCC(c2cc(F)ccc2F)(S(=O)(=O)c2ccc(Cl)cc2)CC1
CHEMBL39,7.1,NCCc1c[nH]c2ccc(O)cc12
CHEMBL371300,10000.0,C[C@H](N)Cn1ncc2ccc(O)cc21
CHEMBL1628565,500.0,CN(C)[C@@H]1CCc2[nH]c3ccc(NC(=O)c4ccc(F)cc4)cc3c2C1
CHEMBL1189234,10000.0,OC12C3C4CC5C6C4C1C6C(C53)N2Cc1ccccc1
CHEMBL3899169,5580.0,Cc1ccc2c(c1)Oc1sc(Cl)cc1C(N1CCN(CC(C)(C)C(=O)O)CC1)=N2
CHEMBL469345,1.585,Cc1ccc2c(N3CCN(CCc4cccc5c4OCC(=O)N5C)CC3)cccc2n1
CHEMBL1112,1000.0,O=C1CCc2ccc(OCCCCN3CCN(c4cccc(Cl)c4Cl)CC3)cc2N1
CHEMBL2,7700.0,COc1cc2nc(N3CCN(C(=O)c4ccco4)CC3)nc(N)c2cc1OC
CHEMBL136072,10000.0,CN(C)CCCOc1ccccc1
CHEMBL71033,10000.0,Cc1cccc(C)c1CC1=NCCN1
CHEMBL72107,5000.0,Cc1cc(C(C)(C)C)cc(C)c1CC1=NCCN1C
CHEMBL6640,36.0,NCCc1c[nH]c2ccccc12
CHEMBL1242923,1000.0,O=C(Cc1ccccc1)NC1CCN(CCCN2C(=O)COc3ccccc32)CC1
CHEMBL281350,10.0,Cc1nc(-c2ccc(-c3ccc(C(=O)N4CCc5cc6c(cc54)C4(CCN(C)CC4)CO6)cc3)c(C)c2)no1
CHEMBL1256844,1691.61,CC1CCN(CC[C@H]2CCCN2S(=O)(=O)c2cccc(O)c2)CC1.Cl
CHEMBL5204071,70.8,COc1ccc(C2NCCc3c2[nH]c2ccc(F)cc32)c(O)c1
CHEMBL370110,2.5,CN1CCc2c(sc3ncn(CCN4CCN(c5cncc6ccccc56)CC4)c(=O)c23)C1
CHEMBL3897499,10000.0,CCCN1CC[C@H]2c3cc4ccc(C(F)(F)F)cc4nc3[C@H](CC)[C@H]3CCC[C@@H]1[C@@H]32
CHEMBL98241,7700.0,C[C@H](CN1CCN(c2cc(F)c(F)cc2F)CC1)N1C(=O)CC2(CCCC2)CC1=O
CHEMBL319352,48.0,Cn1nnc(-c2ccc3c(c2)c(C2CCN(CCN4CCNC4=O)CC2)cn3-c2ccc(F)cc2)n1
CHEMBL18840,1.259,NCCc1c[nH]c2ccc(C(N)=O)cc12
CHEMBL3480577,3408.17,Cc1ccc2nc(CNCCCOc3ccccc3)cc(O)c2c1
CHEMBL762,0.3,Cc1cc(C(C)(C)C)c(O)c(C)c1CC1=NCCN1
CHEMBL1181770,2000.0,CN(C)CCN(Cc1ccc(-c2ccc(CNCCc3ccccc3)cc2)cc1)C(=O)CCC1CCCC1
CHEMBL292274,1690.0,CN(C)[C@H]1CCc2ccc3[nH]ccc3c2C1
CHEMBL12264,5011.87,Cc1cccc(S(=O)(=O)N(C)[C@H](C)CCN2CCC(C)CC2)c1
CHEMBL3770342,10000.0,NC1=NC2(CCCCC2)NC(Nc2cccc(Br)c2)=N1
CHEMBL4867565,890.0,O=S(=O)(c1cccc(F)c1)n1ccc2c(N3CCNCC3)nc3ccccc3c21
CHEMBL128,22.0,CNS(=O)(=O)Cc1ccc2[nH]cc(CCN(C)C)c2c1
CHEMBL128,23.1,CNS(=O)(=O)Cc1ccc2[nH]cc(CCN(C)C)c2c1
CHEMBL5074880,210.0,CCNCc1ccc(Cl)c(-c2ccccc2OC)c1
CHEMBL5094680,10000.0,CCCCNCc1ccc(Cl)c(-c2ccccc2OC)c1
CHEMBL4520293,3162.28,CN(C)[C@@H]1CCN(c2cc(-c3ccccc3)nc3ccnn23)C1
CHEMBL282199,10000.0,CC1CCN(CC[C@H]2CCCN2S(=O)(=O)c2cccc(O)c2)CC1
CHEMBL715,1000.0,Cc1cc2c(s1)Nc1ccccc1N=C2N1CCN(C)CC1
CHEMBL42,1000.0,CN1CCN(C2=Nc3cc(Cl)ccc3Nc3ccccc32)CC1
CHEMBL4520788,1757.2,CNCc1ccccc1-c1csc([C@H](C)Nc2nc(C)nc3cc(OC)c(OC)cc23)c1
CHEMBL4802048,10000.0,CC[C@H](Nc1c(C#N)c(-c2ccc(-c3cccc(C)c3F)cc2)nc2cnccc12)C(=O)O
CHEMBL3039520,591.0,CN1CCC(C(=O)c2cccc(NC(=O)c3c(F)cc(F)cc3F)n2)CC1
CHEMBL128,23.1,CNS(=O)(=O)Cc1ccc2[nH]cc(CCN(C)C)c2c1
CHEMBL4520293,3243.0,CN(C)[C@@H]1CCN(c2cc(-c3ccccc3)nc3ccnn23)C1
CHEMBL340807,10000.0,COc1ccc2c3c([nH]c2c1)C(C)=NCC3
